Date,Close,Close
2005-1-3,1202.079956,14.08
2005-1-4,1188.050049,13.98
2005-1-5,1183.73999,14.09
2005-1-6,1187.890015,13.58
2005-1-7,1186.189941,13.49
2005-1-10,1190.25,13.23
2005-1-11,1182.98999,13.19
2005-1-12,1187.699951,12.56
2005-1-13,1177.449951,12.84
2005-1-14,1184.52002,12.43
2005-1-18,1195.97998,12.47
2005-1-19,1184.630005,13.18
2005-1-20,1175.410034,13.83
2005-1-21,1167.869995,14.36
2005-1-24,1163.75,14.65
2005-1-25,1168.410034,14.06
2005-1-26,1174.069946,13.44
2005-1-27,1174.550049,13.24
2005-1-28,1171.359985,13.24
2005-1-31,1181.27002,12.82
2005-2-1,1189.410034,12.03
2005-2-2,1193.189941,11.66
2005-2-3,1189.890015,11.79
2005-2-4,1203.030029,11.21
2005-2-7,1201.719971,11.73
2005-2-8,1202.300049,11.6
2005-2-9,1191.98999,12
2005-2-10,1197.01001,11.51
2005-2-11,1205.300049,11.43
2005-2-14,1206.140015,11.52
2005-2-15,1210.119995,11.27
2005-2-16,1210.339966,11.1
2005-2-17,1200.75,11.77
2005-2-18,1201.589966,11.18
2005-2-22,1184.160034,13.14
2005-2-23,1190.800049,12.39
2005-2-24,1200.199951,11.57
2005-2-25,1211.369995,11.49
2005-2-28,1203.599976,12.08
2005-3-1,1210.410034,12.04
2005-3-2,1210.079956,12.5
2005-3-3,1210.469971,12.93
2005-3-4,1222.119995,11.94
2005-3-7,1225.310059,12.26
2005-3-8,1219.430054,12.4
2005-3-9,1207.01001,12.7
2005-3-10,1209.25,12.49
2005-3-11,1200.079956,12.8
2005-3-14,1206.829956,12.39
2005-3-15,1197.75,13.15
2005-3-16,1188.069946,13.49
2005-3-17,1190.209961,13.29
2005-3-18,1189.650024,13.14
2005-3-21,1183.780029,13.61
2005-3-22,1171.709961,14.27
2005-3-23,1172.530029,14.06
2005-3-24,1171.420044,13.42
2005-3-28,1174.280029,13.75
2005-3-29,1165.359985,14.49
2005-3-30,1181.410034,13.64
2005-3-31,1180.589966,14.02
2005-4-1,1172.920044,14.09
2005-4-4,1176.119995,14.11
2005-4-5,1181.390015,13.68
2005-4-6,1184.069946,13.15
2005-4-7,1191.140015,12.33
2005-4-8,1181.199951,12.62
2005-4-11,1181.209961,11.98
2005-4-12,1187.76001,11.3
2005-4-13,1173.790039,13.31
2005-4-14,1162.050049,14.53
2005-4-15,1142.619995,17.74
2005-4-18,1145.97998,16.559999
2005-4-19,1152.780029,14.96
2005-4-20,1137.5,16.92
2005-4-21,1159.949951,14.41
2005-4-22,1152.119995,15.38
2005-4-25,1162.099976,14.62
2005-4-26,1151.829956,14.91
2005-4-27,1156.380005,14.87
2005-4-28,1143.219971,16.860001
2005-4-29,1156.849976,15.31
2005-5-2,1162.160034,15.12
2005-5-3,1161.170044,14.53
2005-5-4,1175.650024,13.85
2005-5-5,1172.630005,13.98
2005-5-6,1171.349976,14.05
2005-5-9,1178.839966,13.75
2005-5-10,1166.219971,14.91
2005-5-11,1171.109985,14.45
2005-5-12,1159.359985,16.120001
2005-5-13,1154.050049,16.32
2005-5-16,1165.689941,15.68
2005-5-17,1173.800049,14.57
2005-5-18,1185.560059,13.63
2005-5-19,1191.079956,13.32
2005-5-20,1189.280029,13.14
2005-5-23,1193.859985,12.95
2005-5-24,1194.069946,12.69
2005-5-25,1190.01001,12.58
2005-5-26,1197.619995,12.24
2005-5-27,1198.780029,12.15
2005-5-31,1191.5,13.29
2005-6-1,1202.219971,12.36
2005-6-2,1204.290039,11.84
2005-6-3,1196.02002,12.15
2005-6-6,1197.51001,12.28
2005-6-7,1197.26001,12.39
2005-6-8,1194.670044,12.7
2005-6-9,1200.930054,12.08
2005-6-10,1198.109985,11.96
2005-6-13,1200.819946,11.65
2005-6-14,1203.910034,11.79
2005-6-15,1206.579956,11.46
2005-6-16,1210.959961,11.15
2005-6-17,1216.959961,11.48
2005-6-20,1216.099976,11.47
2005-6-21,1213.609985,11.08
2005-6-22,1213.880005,11.05
2005-6-23,1200.72998,12.13
2005-6-24,1191.569946,12.18
2005-6-27,1190.689941,12.52
2005-6-28,1201.569946,11.58
2005-6-29,1199.849976,11.77
2005-6-30,1191.329956,12.04
2005-7-1,1194.439941,11.4
2005-7-5,1204.98999,11.68
2005-7-6,1194.939941,12.27
2005-7-7,1197.869995,12.49
2005-7-8,1211.859985,11.45
2005-7-11,1219.439941,11.28
2005-7-12,1222.209961,10.95
2005-7-13,1223.290039,10.84
2005-7-14,1226.5,10.81
2005-7-15,1227.920044,10.33
2005-7-18,1221.130005,10.77
2005-7-19,1229.349976,10.45
2005-7-20,1235.199951,10.23
2005-7-21,1227.040039,10.97
2005-7-22,1233.680054,10.52
2005-7-25,1229.030029,11.1
2005-7-26,1231.160034,10.99
2005-7-27,1236.790039,10.36
2005-7-28,1243.719971,10.52
2005-7-29,1234.180054,11.57
2005-8-1,1235.349976,12.08
2005-8-2,1244.119995,11.75
2005-8-3,1245.040039,11.83
2005-8-4,1235.859985,12.52
2005-8-5,1226.420044,12.48
2005-8-8,1223.130005,13.21
2005-8-9,1231.380005,12.4
2005-8-10,1229.130005,12.38
2005-8-11,1237.810059,12.42
2005-8-12,1230.390015,12.74
2005-8-15,1233.869995,12.26
2005-8-16,1219.339966,13.52
2005-8-17,1220.23999,13.3
2005-8-18,1219.02002,13.42
2005-8-19,1219.709961,13.42
2005-8-22,1221.72998,13.42
2005-8-23,1217.589966,13.34
2005-8-24,1209.589966,14.17
2005-8-25,1212.369995,13.73
2005-8-26,1205.099976,13.72
2005-8-29,1212.280029,13.52
2005-8-30,1208.410034,13.65
2005-8-31,1220.329956,12.6
2005-9-1,1221.589966,13.15
2005-9-2,1218.02002,13.57
2005-9-6,1233.390015,12.93
2005-9-7,1236.359985,12.52
2005-9-8,1231.670044,12.93
2005-9-9,1241.47998,11.98
2005-9-12,1240.560059,11.65
2005-9-13,1231.199951,12.39
2005-9-14,1227.160034,12.91
2005-9-15,1227.72998,12.49
2005-9-16,1237.910034,11.22
2005-9-19,1231.02002,12.14
2005-9-20,1221.339966,12.64
2005-9-21,1210.199951,13.79
2005-9-22,1214.619995,13.33
2005-9-23,1215.290039,12.96
2005-9-26,1215.630005,13.04
2005-9-27,1215.660034,12.76
2005-9-28,1216.890015,12.63
2005-9-29,1227.680054,12.24
2005-9-30,1228.810059,11.92
2005-10-3,1226.699951,12.46
2005-10-4,1214.469971,13.2
2005-10-5,1196.390015,14.55
2005-10-6,1191.48999,14.96
2005-10-7,1195.900024,14.59
2005-10-10,1187.329956,15.55
2005-10-11,1184.869995,15.63
2005-10-12,1177.680054,16.219999
2005-10-13,1176.839966,16.469999
2005-10-14,1186.569946,14.87
2005-10-17,1190.099976,14.67
2005-10-18,1178.140015,15.33
2005-10-19,1195.76001,13.5
2005-10-20,1177.800049,16.110001
2005-10-21,1179.589966,16.129999
2005-10-24,1199.380005,14.74
2005-10-25,1196.540039,14.53
2005-10-26,1191.380005,14.59
2005-10-27,1178.900024,16.02
2005-10-28,1198.410034,14.25
2005-10-31,1207.01001,15.32
2005-11-1,1202.76001,14.85
2005-11-2,1214.76001,13.48
2005-11-3,1219.939941,13
2005-11-4,1220.140015,13.17
2005-11-7,1222.810059,13.1
2005-11-8,1218.589966,13.08
2005-11-9,1220.650024,12.8
2005-11-10,1230.959961,11.9
2005-11-11,1234.719971,11.63
2005-11-14,1233.76001,12.18
2005-11-15,1229.01001,12.23
2005-11-16,1231.209961,12.26
2005-11-17,1242.800049,11.25
2005-11-18,1248.27002,11.12
2005-11-21,1254.849976,10.82
2005-11-22,1261.22998,10.6
2005-11-23,1265.609985,10.96
2005-11-25,1268.25,10.88
2005-11-28,1257.459961,11.84
2005-11-29,1257.47998,11.89
2005-11-30,1249.47998,12.06
2005-12-1,1264.670044,11.24
2005-12-2,1265.079956,11.01
2005-12-5,1262.089966,11.6
2005-12-6,1263.699951,11.52
2005-12-7,1257.369995,12.18
2005-12-8,1255.839966,12.21
2005-12-9,1259.369995,11.69
2005-12-12,1260.430054,11.47
2005-12-13,1267.430054,11.11
2005-12-14,1272.73999,10.48
2005-12-15,1270.939941,10.73
2005-12-16,1267.319946,10.68
2005-12-19,1259.920044,11.38
2005-12-20,1259.619995,11.19
2005-12-21,1262.790039,10.81
2005-12-22,1268.119995,10.29
2005-12-23,1268.660034,10.27
2005-12-27,1256.540039,11.57
2005-12-28,1258.170044,11.35
2005-12-29,1254.420044,11.61
2005-12-30,1248.290039,12.07
2006-1-3,1268.800049,11.14
2006-1-4,1273.459961,11.37
2006-1-5,1273.47998,11.31
2006-1-6,1285.449951,11
2006-1-9,1290.150024,11.13
2006-1-10,1289.689941,10.86
2006-1-11,1294.180054,10.94
2006-1-12,1286.060059,11.2
2006-1-13,1287.609985,11.23
2006-1-17,1282.930054,11.91
2006-1-18,1277.930054,12.25
2006-1-19,1285.040039,11.98
2006-1-20,1261.48999,14.56
2006-1-23,1263.819946,13.93
2006-1-24,1266.859985,13.31
2006-1-25,1264.680054,12.87
2006-1-26,1273.829956,12.42
2006-1-27,1283.719971,11.97
2006-1-30,1285.189941,12.39
2006-1-31,1280.079956,12.95
2006-2-1,1282.459961,12.36
2006-2-2,1270.839966,13.23
2006-2-3,1264.030029,12.96
2006-2-6,1265.02002,13.04
2006-2-7,1254.780029,13.59
2006-2-8,1265.650024,12.83
2006-2-9,1263.780029,13.12
2006-2-10,1266.98999,12.87
2006-2-13,1262.859985,13.35
2006-2-14,1275.530029,12.25
2006-2-15,1280,12.31
2006-2-16,1289.380005,11.48
2006-2-17,1287.23999,12.01
2006-2-21,1283.030029,12.41
2006-2-22,1292.670044,11.88
2006-2-23,1287.790039,11.87
2006-2-24,1289.430054,11.46
2006-2-27,1294.119995,11.59
2006-2-28,1280.660034,12.34
2006-3-1,1291.23999,11.54
2006-3-2,1289.140015,11.72
2006-3-3,1287.22998,11.96
2006-3-6,1278.26001,12.74
2006-3-7,1275.880005,12.66
2006-3-8,1278.469971,12.32
2006-3-9,1272.22998,12.68
2006-3-10,1281.420044,11.85
2006-3-13,1284.130005,11.37
2006-3-14,1297.47998,10.74
2006-3-15,1303.02002,11.35
2006-3-16,1305.329956,11.98
2006-3-17,1307.25,12.12
2006-3-20,1305.079956,11.79
2006-3-21,1297.22998,11.62
2006-3-22,1305.040039,11.21
2006-3-23,1301.670044,11.17
2006-3-24,1302.949951,11.19
2006-3-27,1301.609985,11.46
2006-3-28,1293.22998,11.58
2006-3-29,1302.890015,10.95
2006-3-30,1300.25,11.57
2006-3-31,1294.869995,11.39
2006-4-3,1297.810059,11.57
2006-4-4,1305.930054,11.14
2006-4-5,1311.560059,11.13
2006-4-6,1309.040039,11.45
2006-4-7,1295.5,12.26
2006-4-10,1296.619995,12.19
2006-4-11,1286.569946,13
2006-4-12,1288.119995,12.76
2006-4-13,1289.119995,12.38
2006-4-17,1285.329956,12.58
2006-4-18,1307.280029,11.4
2006-4-19,1309.930054,11.32
2006-4-20,1311.459961,11.64
2006-4-21,1311.280029,11.59
2006-4-24,1308.109985,11.75
2006-4-25,1301.73999,11.75
2006-4-26,1305.410034,11.76
2006-4-27,1309.719971,11.84
2006-4-28,1310.609985,11.59
2006-5-1,1305.189941,12.54
2006-5-2,1313.209961,11.99
2006-5-3,1308.119995,11.99
2006-5-4,1312.25,11.86
2006-5-5,1325.76001,11.62
2006-5-8,1324.660034,12
2006-5-9,1325.140015,11.99
2006-5-10,1322.849976,11.78
2006-5-11,1305.920044,12.49
2006-5-12,1291.23999,14.19
2006-5-15,1294.5,13.57
2006-5-16,1292.079956,13.35
2006-5-17,1270.319946,16.26
2006-5-18,1261.810059,16.99
2006-5-19,1267.030029,17.18
2006-5-22,1262.069946,17.719999
2006-5-23,1256.579956,18.26
2006-5-24,1258.569946,17.360001
2006-5-25,1272.880005,15.5
2006-5-26,1280.160034,14.26
2006-5-30,1259.869995,18.66
2006-5-31,1270.089966,16.440001
2006-6-1,1285.709961,14.52
2006-6-2,1288.219971,14.32
2006-6-5,1265.290039,16.65
2006-6-6,1263.849976,17.34
2006-6-7,1256.150024,17.799999
2006-6-8,1257.930054,18.35
2006-6-9,1252.300049,18.120001
2006-6-12,1237.439941,20.959999
2006-6-13,1223.689941,23.809999
2006-6-14,1230.040039,21.459999
2006-6-15,1256.160034,15.9
2006-6-16,1251.540039,17.25
2006-6-19,1240.130005,17.83
2006-6-20,1240.119995,16.690001
2006-6-21,1252.199951,15.52
2006-6-22,1245.599976,15.88
2006-6-23,1244.5,15.89
2006-6-26,1250.560059,15.62
2006-6-27,1239.199951,16.4
2006-6-28,1246,15.79
2006-6-29,1272.869995,13.03
2006-6-30,1270.199951,13.08
2006-7-3,1280.189941,13.05
2006-7-5,1270.910034,14.15
2006-7-6,1274.079956,13.65
2006-7-7,1265.47998,13.97
2006-7-10,1267.339966,14.02
2006-7-11,1272.430054,13.14
2006-7-12,1258.599976,14.49
2006-7-13,1242.280029,17.790001
2006-7-14,1236.199951,18.049999
2006-7-17,1234.48999,18.639999
2006-7-18,1236.859985,17.74
2006-7-19,1259.810059,15.55
2006-7-20,1249.130005,16.209999
2006-7-21,1240.290039,17.4
2006-7-24,1260.910034,14.98
2006-7-25,1268.880005,14.85
2006-7-26,1268.400024,14.62
2006-7-27,1263.199951,14.94
2006-7-28,1278.550049,14.33
2006-7-31,1276.660034,14.95
2006-8-1,1270.920044,15.05
2006-8-2,1277.410034,14.34
2006-8-3,1280.27002,14.46
2006-8-4,1279.359985,14.34
2006-8-7,1275.77002,15.23
2006-8-8,1271.47998,15.23
2006-8-9,1265.949951,15.2
2006-8-10,1271.810059,14.46
2006-8-11,1266.73999,14.3
2006-8-14,1268.209961,14.26
2006-8-15,1285.579956,13.42
2006-8-16,1295.430054,12.41
2006-8-17,1297.47998,12.24
2006-8-18,1302.300049,11.64
2006-8-21,1297.52002,12.22
2006-8-22,1298.819946,12.19
2006-8-23,1292.98999,12.4
2006-8-24,1296.060059,12.4
2006-8-25,1295.089966,12.31
2006-8-28,1301.780029,12.18
2006-8-29,1304.280029,12.28
2006-8-30,1305.369995,12.22
2006-8-31,1303.819946,12.31
2006-9-1,1311.01001,11.96
2006-9-5,1313.25,12.63
2006-9-6,1300.26001,13.74
2006-9-7,1294.02002,13.88
2006-9-8,1298.920044,13.16
2006-9-11,1299.540039,12.99
2006-9-12,1313,11.92
2006-9-13,1318.069946,11.18
2006-9-14,1316.280029,11.55
2006-9-15,1319.660034,11.76
2006-9-18,1321.180054,11.78
2006-9-19,1317.640015,11.98
2006-9-20,1325.180054,11.39
2006-9-21,1318.030029,12.25
2006-9-22,1314.780029,12.59
2006-9-25,1326.369995,12.12
2006-9-26,1336.349976,11.53
2006-9-27,1336.589966,11.58
2006-9-28,1338.880005,11.72
2006-9-29,1335.849976,11.98
2006-10-2,1331.319946,12.57
2006-10-3,1334.109985,12.24
2006-10-4,1350.199951,11.86
2006-10-5,1353.219971,11.98
2006-10-6,1349.589966,11.56
2006-10-9,1350.660034,11.68
2006-10-10,1353.420044,11.52
2006-10-11,1349.949951,11.62
2006-10-12,1362.829956,11.09
2006-10-13,1365.619995,10.75
2006-10-16,1369.060059,11.09
2006-10-17,1364.050049,11.73
2006-10-18,1365.800049,11.34
2006-10-19,1366.959961,10.9
2006-10-20,1368.599976,10.63
2006-10-23,1377.02002,11.08
2006-10-24,1377.380005,10.78
2006-10-25,1382.219971,10.66
2006-10-26,1389.079956,10.56
2006-10-27,1377.339966,10.8
2006-10-30,1377.930054,11.2
2006-10-31,1377.939941,11.1
2006-11-1,1367.810059,11.51
2006-11-2,1367.339966,11.42
2006-11-3,1364.300049,11.16
2006-11-6,1379.780029,11.16
2006-11-7,1382.839966,11.09
2006-11-8,1385.719971,10.75
2006-11-9,1378.329956,11.01
2006-11-10,1380.900024,10.79
2006-11-13,1384.420044,10.86
2006-11-14,1393.219971,10.5
2006-11-15,1396.569946,10.31
2006-11-16,1399.76001,10.16
2006-11-17,1401.199951,10.05
2006-11-20,1400.5,9.97
2006-11-21,1402.810059,9.9
2006-11-22,1406.089966,10.14
2006-11-24,1400.949951,10.73
2006-11-27,1381.959961,12.3
2006-11-28,1386.719971,11.62
2006-11-29,1399.47998,10.83
2006-11-30,1400.630005,10.91
2006-12-1,1396.709961,11.66
2006-12-4,1409.119995,11.23
2006-12-5,1414.76001,11.27
2006-12-6,1412.900024,11.33
2006-12-7,1407.290039,12.67
2006-12-8,1409.839966,12.07
2006-12-11,1413.040039,10.71
2006-12-12,1411.560059,10.65
2006-12-13,1413.209961,10.18
2006-12-14,1425.48999,9.97
2006-12-15,1427.089966,10.05
2006-12-18,1422.47998,10.6
2006-12-19,1425.550049,10.3
2006-12-20,1423.530029,10.26
2006-12-21,1418.300049,10.53
2006-12-22,1410.76001,11.36
2006-12-26,1416.900024,11.26
2006-12-27,1426.839966,10.64
2006-12-28,1424.72998,10.99
2006-12-29,1418.300049,11.56
2007-1-3,1416.599976,12.04
2007-1-4,1418.339966,11.51
2007-1-5,1409.709961,12.14
2007-1-8,1412.839966,12
2007-1-9,1412.109985,11.91
2007-1-10,1414.849976,11.47
2007-1-11,1423.819946,10.87
2007-1-12,1430.72998,10.15
2007-1-16,1431.900024,10.74
2007-1-17,1430.619995,10.59
2007-1-18,1426.369995,10.85
2007-1-19,1430.5,10.4
2007-1-22,1422.949951,10.77
2007-1-23,1427.98999,10.34
2007-1-24,1440.130005,9.89
2007-1-25,1423.900024,11.22
2007-1-26,1422.180054,11.13
2007-1-29,1420.619995,11.45
2007-1-30,1428.819946,10.96
2007-1-31,1438.23999,10.42
2007-2-1,1445.939941,10.31
2007-2-2,1448.390015,10.08
2007-2-5,1446.98999,10.55
2007-2-6,1448,10.65
2007-2-7,1450.02002,10.32
2007-2-8,1448.310059,10.44
2007-2-9,1438.060059,11.1
2007-2-12,1433.369995,11.61
2007-2-13,1444.26001,10.34
2007-2-14,1455.300049,10.23
2007-2-15,1456.810059,10.22
2007-2-16,1455.540039,10.02
2007-2-20,1459.680054,10.24
2007-2-21,1457.630005,10.2
2007-2-22,1456.380005,10.18
2007-2-23,1451.189941,10.58
2007-2-26,1449.369995,11.15
2007-2-27,1399.040039,18.309999
2007-2-28,1406.819946,15.42
2007-3-1,1403.170044,15.82
2007-3-2,1387.170044,18.610001
2007-3-5,1374.119995,19.629999
2007-3-6,1395.410034,15.96
2007-3-7,1391.969971,15.24
2007-3-8,1401.890015,14.29
2007-3-9,1402.839966,14.09
2007-3-12,1406.599976,13.99
2007-3-13,1377.949951,18.129999
2007-3-14,1387.170044,17.27
2007-3-15,1392.280029,16.43
2007-3-16,1386.949951,16.790001
2007-3-19,1402.060059,14.59
2007-3-20,1410.939941,13.27
2007-3-21,1435.040039,12.19
2007-3-22,1434.540039,12.93
2007-3-23,1436.109985,12.95
2007-3-26,1437.5,13.11
2007-3-27,1428.609985,13.48
2007-3-28,1417.22998,14.98
2007-3-29,1422.530029,15.14
2007-3-30,1420.859985,14.64
2007-4-2,1424.550049,14.53
2007-4-3,1437.77002,13.46
2007-4-4,1439.369995,13.24
2007-4-5,1443.76001,13.23
2007-4-9,1444.609985,13.14
2007-4-10,1448.390015,12.68
2007-4-11,1438.869995,13.49
2007-4-12,1447.800049,12.71
2007-4-13,1452.849976,12.2
2007-4-16,1468.329956,11.98
2007-4-17,1471.47998,12.14
2007-4-18,1472.5,12.42
2007-4-19,1470.72998,12.54
2007-4-20,1484.349976,12.07
2007-4-23,1480.930054,13.04
2007-4-24,1480.410034,13.12
2007-4-25,1495.420044,13.21
2007-4-26,1494.25,12.79
2007-4-27,1494.069946,12.45
2007-4-30,1482.369995,14.22
2007-5-1,1486.300049,13.51
2007-5-2,1495.920044,13.08
2007-5-3,1502.390015,13.09
2007-5-4,1505.619995,12.91
2007-5-7,1509.47998,13.15
2007-5-8,1507.719971,13.21
2007-5-9,1512.579956,12.88
2007-5-10,1491.469971,13.6
2007-5-11,1505.849976,12.95
2007-5-14,1503.150024,13.96
2007-5-15,1501.189941,14.01
2007-5-16,1514.140015,13.5
2007-5-17,1512.75,13.51
2007-5-18,1522.75,12.76
2007-5-21,1525.099976,13.3
2007-5-22,1524.119995,13.06
2007-5-23,1522.280029,13.24
2007-5-24,1507.51001,14.08
2007-5-25,1515.72998,13.34
2007-5-29,1518.109985,13.53
2007-5-30,1530.22998,12.83
2007-5-31,1530.619995,13.05
2007-6-1,1536.339966,12.78
2007-6-4,1539.180054,13.29
2007-6-5,1530.949951,13.63
2007-6-6,1517.380005,14.87
2007-6-7,1490.719971,17.059999
2007-6-8,1507.670044,14.84
2007-6-11,1509.119995,14.71
2007-6-12,1493,16.67
2007-6-13,1515.670044,14.73
2007-6-14,1522.969971,13.64
2007-6-15,1532.910034,13.94
2007-6-18,1531.050049,13.42
2007-6-19,1533.699951,12.85
2007-6-20,1512.839966,14.67
2007-6-21,1522.189941,14.21
2007-6-22,1502.560059,15.75
2007-6-25,1497.73999,16.65
2007-6-26,1492.890015,18.889999
2007-6-27,1506.339966,15.53
2007-6-28,1505.709961,15.54
2007-6-29,1503.349976,16.23
2007-7-2,1519.430054,15.4
2007-7-3,1524.869995,15.29
2007-7-5,1525.400024,15.48
2007-7-6,1530.439941,14.72
2007-7-9,1531.849976,15.16
2007-7-10,1510.119995,17.57
2007-7-11,1518.76001,16.639999
2007-7-12,1547.699951,15.54
2007-7-13,1552.5,15.15
2007-7-16,1549.52002,15.59
2007-7-17,1549.369995,15.63
2007-7-18,1546.170044,16
2007-7-19,1553.079956,15.23
2007-7-20,1534.099976,16.950001
2007-7-23,1541.569946,16.809999
2007-7-24,1511.040039,18.549999
2007-7-25,1518.089966,18.1
2007-7-26,1482.660034,20.74
2007-7-27,1458.949951,24.17
2007-7-30,1473.910034,20.870001
2007-7-31,1455.27002,23.52
2007-8-1,1465.810059,23.67
2007-8-2,1472.199951,21.219999
2007-8-3,1433.060059,25.16
2007-8-6,1467.670044,22.940001
2007-8-7,1476.709961,21.559999
2007-8-8,1497.48999,21.450001
2007-8-9,1453.089966,26.48
2007-8-10,1453.640015,28.299999
2007-8-13,1452.920044,26.57
2007-8-14,1426.540039,27.68
2007-8-15,1406.699951,30.67
2007-8-16,1411.27002,30.83
2007-8-17,1445.939941,29.99
2007-8-20,1445.550049,26.33
2007-8-21,1447.119995,25.25
2007-8-22,1464.069946,22.889999
2007-8-23,1462.5,22.620001
2007-8-24,1479.369995,20.719999
2007-8-27,1466.790039,22.719999
2007-8-28,1432.359985,26.299999
2007-8-29,1463.76001,23.809999
2007-8-30,1457.640015,25.059999
2007-8-31,1473.98999,23.379999
2007-9-4,1489.420044,22.780001
2007-9-5,1472.290039,24.58
2007-9-6,1478.550049,23.99
2007-9-7,1453.550049,26.23
2007-9-10,1451.699951,27.379999
2007-9-11,1471.48999,25.27
2007-9-12,1471.560059,24.959999
2007-9-13,1483.949951,24.76
2007-9-14,1484.25,24.92
2007-9-17,1476.650024,26.48
2007-9-18,1519.780029,20.35
2007-9-19,1529.030029,20.030001
2007-9-20,1518.75,20.450001
2007-9-21,1525.75,19
2007-9-24,1517.72998,19.370001
2007-9-25,1517.209961,18.6
2007-9-26,1525.420044,17.629999
2007-9-27,1531.380005,17
2007-9-28,1526.75,18
2007-10-1,1547.040039,17.84
2007-10-2,1546.630005,18.49
2007-10-3,1539.589966,18.799999
2007-10-4,1542.839966,18.440001
2007-10-5,1557.589966,16.91
2007-10-8,1552.579956,17.459999
2007-10-9,1565.150024,16.120001
2007-10-10,1562.469971,16.67
2007-10-11,1554.410034,18.879999
2007-10-12,1561.800049,17.73
2007-10-15,1548.709961,19.25
2007-10-16,1538.530029,20.02
2007-10-17,1541.23999,18.540001
2007-10-18,1540.079956,18.5
2007-10-19,1500.630005,22.959999
2007-10-22,1506.329956,21.639999
2007-10-23,1519.589966,20.41
2007-10-24,1515.880005,20.799999
2007-10-25,1514.400024,21.17
2007-10-26,1535.280029,19.559999
2007-10-29,1540.97998,19.870001
2007-10-30,1531.02002,21.07
2007-10-31,1549.380005,18.530001
2007-11-1,1508.439941,23.209999
2007-11-2,1509.650024,23.01
2007-11-5,1502.170044,24.309999
2007-11-6,1520.27002,21.389999
2007-11-7,1475.619995,26.49
2007-11-8,1474.77002,26.16
2007-11-9,1453.699951,28.5
2007-11-12,1439.180054,31.09
2007-11-13,1481.050049,24.1
2007-11-14,1470.579956,25.940001
2007-11-15,1451.150024,28.059999
2007-11-16,1458.73999,25.49
2007-11-19,1433.27002,26.01
2007-11-20,1439.699951,24.879999
2007-11-21,1416.77002,26.84
2007-11-23,1440.699951,25.959999
2007-11-26,1407.219971,28.91
2007-11-27,1428.22998,26.280001
2007-11-28,1469.02002,24.110001
2007-11-29,1469.719971,23.969999
2007-11-30,1481.140015,22.870001
2007-12-3,1472.420044,23.610001
2007-12-4,1462.790039,23.790001
2007-12-5,1485.01001,22.530001
2007-12-6,1507.339966,20.959999
2007-12-7,1504.660034,20.85
2007-12-10,1515.959961,20.74
2007-12-11,1477.650024,23.59
2007-12-12,1486.589966,22.469999
2007-12-13,1488.410034,22.559999
2007-12-14,1467.949951,23.27
2007-12-17,1445.900024,24.52
2007-12-18,1454.97998,22.639999
2007-12-19,1453,21.68
2007-12-20,1460.119995,20.58
2007-12-21,1484.459961,18.469999
2007-12-24,1496.449951,18.6
2007-12-26,1497.660034,18.66
2007-12-27,1476.27002,20.26
2007-12-28,1478.48999,20.74
2007-12-31,1468.359985,22.5
2008-1-2,1447.160034,23.17
2008-1-3,1447.160034,22.49
2008-1-4,1411.630005,23.940001
2008-1-7,1416.180054,23.790001
2008-1-8,1390.189941,25.43
2008-1-9,1409.130005,24.120001
2008-1-10,1420.329956,23.450001
2008-1-11,1401.02002,23.68
2008-1-14,1416.25,22.9
2008-1-15,1380.949951,23.34
2008-1-16,1373.199951,24.379999
2008-1-17,1333.25,28.459999
2008-1-18,1325.189941,27.18
2008-1-22,1310.5,31.01
2008-1-23,1338.599976,29.02
2008-1-24,1352.069946,27.780001
2008-1-25,1330.609985,29.08
2008-1-28,1353.959961,27.780001
2008-1-29,1362.300049,27.32
2008-1-30,1355.810059,27.620001
2008-1-31,1378.550049,26.200001
2008-2-1,1395.420044,24.02
2008-2-4,1380.819946,25.99
2008-2-5,1336.640015,28.24
2008-2-6,1326.449951,28.969999
2008-2-7,1336.910034,27.66
2008-2-8,1331.290039,28.01
2008-2-11,1339.130005,27.6
2008-2-12,1348.859985,26.33
2008-2-13,1367.209961,24.879999
2008-2-14,1348.859985,25.540001
2008-2-15,1349.98999,25.02
2008-2-19,1348.780029,25.59
2008-2-20,1360.030029,24.4
2008-2-21,1342.530029,25.120001
2008-2-22,1353.109985,24.059999
2008-2-25,1371.800049,23.030001
2008-2-26,1381.290039,21.9
2008-2-27,1380.02002,22.690001
2008-2-28,1367.680054,23.530001
2008-2-29,1330.630005,26.540001
2008-3-3,1331.339966,26.280001
2008-3-4,1326.75,25.52
2008-3-5,1333.699951,24.6
2008-3-6,1304.339966,27.549999
2008-3-7,1293.369995,27.49
2008-3-10,1273.369995,29.379999
2008-3-11,1320.650024,26.360001
2008-3-12,1308.77002,27.219999
2008-3-13,1315.47998,27.290001
2008-3-14,1288.140015,31.16
2008-3-17,1276.599976,32.240002
2008-3-18,1330.73999,25.790001
2008-3-19,1298.420044,29.84
2008-3-20,1329.51001,26.620001
2008-3-24,1349.880005,25.73
2008-3-25,1352.98999,25.719999
2008-3-26,1341.130005,26.08
2008-3-27,1325.76001,25.879999
2008-3-28,1315.219971,25.709999
2008-3-31,1322.699951,25.610001
2008-4-1,1370.180054,22.68
2008-4-2,1367.530029,23.43
2008-4-3,1369.310059,23.209999
2008-4-4,1370.400024,22.450001
2008-4-7,1372.540039,22.42
2008-4-8,1365.540039,22.360001
2008-4-9,1354.48999,22.809999
2008-4-10,1360.550049,21.98
2008-4-11,1332.829956,23.459999
2008-4-14,1328.319946,23.82
2008-4-15,1334.430054,22.780001
2008-4-16,1364.709961,20.530001
2008-4-17,1365.560059,20.370001
2008-4-18,1390.329956,20.129999
2008-4-21,1388.170044,20.5
2008-4-22,1375.939941,20.870001
2008-4-23,1379.930054,20.26
2008-4-24,1388.819946,20.059999
2008-4-25,1397.839966,19.59
2008-4-28,1396.369995,19.639999
2008-4-29,1390.939941,20.24
2008-4-30,1385.589966,20.790001
2008-5-1,1409.339966,18.879999
2008-5-2,1413.900024,18.18
2008-5-5,1407.48999,18.9
2008-5-6,1418.26001,18.209999
2008-5-7,1392.569946,19.73
2008-5-8,1397.680054,19.4
2008-5-9,1388.280029,19.41
2008-5-12,1403.579956,17.790001
2008-5-13,1403.040039,17.98
2008-5-14,1408.660034,17.66
2008-5-15,1423.569946,16.299999
2008-5-16,1425.349976,16.469999
2008-5-19,1426.630005,17.01
2008-5-20,1413.400024,17.58
2008-5-21,1390.709961,18.59
2008-5-22,1394.349976,18.049999
2008-5-23,1375.930054,19.549999
2008-5-27,1385.349976,19.639999
2008-5-28,1390.839966,19.07
2008-5-29,1398.26001,18.139999
2008-5-30,1400.380005,17.83
2008-6-2,1385.670044,19.83
2008-6-3,1377.650024,20.24
2008-6-4,1377.199951,20.799999
2008-6-5,1404.050049,18.629999
2008-6-6,1360.680054,23.559999
2008-6-9,1361.76001,23.120001
2008-6-10,1358.439941,23.18
2008-6-11,1335.48999,24.120001
2008-6-12,1339.869995,23.33
2008-6-13,1360.030029,21.219999
2008-6-16,1360.140015,20.950001
2008-6-17,1350.930054,21.129999
2008-6-18,1337.810059,22.24
2008-6-19,1342.829956,21.58
2008-6-20,1317.930054,22.870001
2008-6-23,1318,22.639999
2008-6-24,1314.290039,22.42
2008-6-25,1321.969971,21.139999
2008-6-26,1283.150024,23.93
2008-6-27,1278.380005,23.440001
2008-6-30,1280,23.950001
2008-7-1,1284.910034,23.65
2008-7-2,1261.52002,25.92
2008-7-3,1262.900024,24.790001
2008-7-7,1252.310059,25.780001
2008-7-8,1273.699951,23.15
2008-7-9,1244.689941,25.23
2008-7-10,1253.390015,25.59
2008-7-11,1239.48999,27.49
2008-7-14,1228.300049,28.48
2008-7-15,1214.910034,28.540001
2008-7-16,1245.359985,25.1
2008-7-17,1260.319946,25.01
2008-7-18,1260.680054,24.049999
2008-7-21,1260,23.049999
2008-7-22,1277,21.18
2008-7-23,1282.189941,21.309999
2008-7-24,1252.540039,23.440001
2008-7-25,1257.76001,22.91
2008-7-28,1234.369995,24.23
2008-7-29,1263.199951,22.030001
2008-7-30,1284.26001,21.209999
2008-7-31,1267.380005,22.940001
2008-8-1,1260.310059,22.57
2008-8-4,1249.01001,23.49
2008-8-5,1284.880005,21.139999
2008-8-6,1289.189941,20.23
2008-8-7,1266.069946,21.15
2008-8-8,1296.319946,20.66
2008-8-11,1305.319946,20.120001
2008-8-12,1289.589966,21.17
2008-8-13,1285.829956,21.549999
2008-8-14,1292.930054,20.34
2008-8-15,1298.199951,19.58
2008-8-18,1278.599976,20.98
2008-8-19,1266.689941,21.280001
2008-8-20,1274.540039,20.42
2008-8-21,1277.719971,19.82
2008-8-22,1292.199951,18.809999
2008-8-25,1266.839966,20.969999
2008-8-26,1271.51001,20.49
2008-8-27,1281.660034,19.76
2008-8-28,1300.680054,19.43
2008-8-29,1282.829956,20.65
2008-9-2,1277.579956,21.99
2008-9-3,1274.97998,21.43
2008-9-4,1236.829956,24.030001
2008-9-5,1242.310059,23.059999
2008-9-8,1267.790039,22.639999
2008-9-9,1224.51001,25.469999
2008-9-10,1232.040039,24.52
2008-9-11,1249.050049,24.389999
2008-9-12,1251.699951,25.66
2008-9-15,1192.699951,31.700001
2008-9-16,1213.599976,30.299999
2008-9-17,1156.390015,36.220001
2008-9-18,1206.51001,33.099998
2008-9-19,1255.079956,32.07
2008-9-22,1207.089966,33.849998
2008-9-23,1188.219971,35.720001
2008-9-24,1185.869995,35.189999
2008-9-25,1209.180054,32.82
2008-9-26,1213.27002,34.740002
2008-9-29,1106.420044,46.720001
2008-9-30,1166.359985,39.389999
2008-10-1,1161.060059,39.810001
2008-10-2,1114.280029,45.259998
2008-10-3,1099.22998,45.139999
2008-10-6,1056.890015,52.049999
2008-10-7,996.22998,53.68
2008-10-8,984.940002,57.529999
2008-10-9,909.919983,63.919998
2008-10-10,899.219971,69.949997
2008-10-13,1003.349976,54.990002
2008-10-14,998.01001,55.130001
2008-10-15,907.840027,69.25
2008-10-16,946.429993,67.610001
2008-10-17,940.549988,70.330002
2008-10-20,985.400024,52.970001
2008-10-21,955.049988,53.110001
2008-10-22,896.780029,69.650002
2008-10-23,908.109985,67.800003
2008-10-24,876.77002,79.129997
2008-10-27,848.919983,80.059998
2008-10-28,940.51001,66.959999
2008-10-29,930.090027,69.959999
2008-10-30,954.090027,62.900002
2008-10-31,968.75,59.889999
2008-11-3,966.299988,53.68
2008-11-4,1005.75,47.73
2008-11-5,952.77002,54.560001
2008-11-6,904.880005,63.68
2008-11-7,930.98999,56.099998
2008-11-10,919.210022,59.98
2008-11-11,898.950012,61.439999
2008-11-12,852.299988,66.459999
2008-11-13,911.289978,59.830002
2008-11-14,873.289978,66.309998
2008-11-17,850.75,69.150002
2008-11-18,859.119995,67.639999
2008-11-19,806.580017,74.260002
2008-11-20,752.440002,80.860001
2008-11-21,800.030029,72.669998
2008-11-24,851.809998,64.699997
2008-11-25,857.390015,60.900002
2008-11-26,887.679993,54.919998
2008-11-28,896.23999,55.279999
2008-12-1,816.210022,68.510002
2008-12-2,848.809998,62.98
2008-12-3,870.73999,60.720001
2008-12-4,845.219971,63.639999
2008-12-5,876.070007,59.93
2008-12-8,909.700012,58.490002
2008-12-9,888.669983,58.91
2008-12-10,899.23999,55.73
2008-12-11,873.590027,55.779999
2008-12-12,879.72998,54.279999
2008-12-15,868.570007,56.759998
2008-12-16,913.179993,52.369999
2008-12-17,904.419983,49.84
2008-12-18,885.280029,47.34
2008-12-19,887.880005,44.93
2008-12-22,871.630005,44.560001
2008-12-23,863.159973,45.02
2008-12-24,868.150024,44.209999
2008-12-26,872.799988,43.380001
2008-12-29,869.419983,43.900002
2008-12-30,890.640015,41.630001
2008-12-31,903.25,40
2009-1-2,931.799988,39.189999
2009-1-5,927.450012,39.080002
2009-1-6,934.700012,38.560001
2009-1-7,906.650024,43.389999
2009-1-8,909.72998,42.560001
2009-1-9,890.349976,42.82
2009-1-12,870.26001,45.84
2009-1-13,871.789978,43.27
2009-1-14,842.619995,49.139999
2009-1-15,843.73999,51
2009-1-16,850.119995,46.110001
2009-1-20,805.219971,56.650002
2009-1-21,840.23999,46.419998
2009-1-22,827.5,47.290001
2009-1-23,831.950012,47.27
2009-1-26,836.570007,45.689999
2009-1-27,845.710022,42.25
2009-1-28,874.090027,39.66
2009-1-29,845.140015,42.630001
2009-1-30,825.880005,44.84
2009-2-2,825.440002,45.52
2009-2-3,838.51001,43.060001
2009-2-4,832.22998,43.849998
2009-2-5,845.849976,43.73
2009-2-6,868.599976,43.369999
2009-2-9,869.890015,43.639999
2009-2-10,827.159973,46.669998
2009-2-11,833.73999,44.529999
2009-2-12,835.190002,41.25
2009-2-13,826.840027,42.93
2009-2-17,789.169983,48.66
2009-2-18,788.419983,48.459999
2009-2-19,778.940002,47.080002
2009-2-20,770.049988,49.299999
2009-2-23,743.330017,52.619999
2009-2-24,773.140015,45.490002
2009-2-25,764.900024,44.669998
2009-2-26,752.830017,44.66
2009-2-27,735.090027,46.349998
2009-3-2,700.820007,52.650002
2009-3-3,696.330017,50.93
2009-3-4,712.869995,47.560001
2009-3-5,682.549988,50.169998
2009-3-6,683.380005,49.330002
2009-3-9,676.530029,49.68
2009-3-10,719.599976,44.369999
2009-3-11,721.359985,43.610001
2009-3-12,750.73999,41.18
2009-3-13,756.549988,42.360001
2009-3-16,753.890015,43.740002
2009-3-17,778.119995,40.799999
2009-3-18,794.349976,40.060001
2009-3-19,784.039978,43.68
2009-3-20,768.539978,45.889999
2009-3-23,822.919983,43.23
2009-3-24,806.119995,42.93
2009-3-25,813.880005,42.25
2009-3-26,832.859985,40.360001
2009-3-27,815.940002,41.040001
2009-3-30,787.530029,45.540001
2009-3-31,797.869995,44.139999
2009-4-1,811.080017,42.279999
2009-4-2,834.380005,42.040001
2009-4-3,842.5,39.700001
2009-4-6,835.47998,40.93
2009-4-7,815.549988,40.389999
2009-4-8,825.159973,38.849998
2009-4-9,856.559998,36.529999
2009-4-13,858.72998,37.810001
2009-4-14,841.5,37.669998
2009-4-15,852.059998,36.169998
2009-4-16,865.299988,35.790001
2009-4-17,869.599976,33.939999
2009-4-20,832.390015,39.18
2009-4-21,850.080017,37.139999
2009-4-22,843.549988,38.099998
2009-4-23,851.919983,37.150002
2009-4-24,866.22998,36.82
2009-4-27,857.51001,38.32
2009-4-28,855.159973,37.950001
2009-4-29,873.640015,36.080002
2009-4-30,872.809998,36.5
2009-5-1,877.52002,35.299999
2009-5-4,907.23999,34.529999
2009-5-5,903.799988,33.360001
2009-5-6,919.530029,32.450001
2009-5-7,907.390015,33.439999
2009-5-8,929.22998,32.049999
2009-5-11,909.23999,32.869999
2009-5-12,908.349976,31.799999
2009-5-13,883.919983,33.650002
2009-5-14,893.070007,31.370001
2009-5-15,882.880005,33.119999
2009-5-18,909.710022,30.24
2009-5-19,908.130005,28.799999
2009-5-20,903.469971,29.030001
2009-5-21,888.330017,31.35
2009-5-22,887,32.630001
2009-5-26,910.330017,30.620001
2009-5-27,893.059998,32.360001
2009-5-28,906.830017,31.67
2009-5-29,919.140015,28.92
2009-6-1,942.869995,30.040001
2009-6-2,944.73999,29.629999
2009-6-3,931.76001,31.02
2009-6-4,942.460022,30.18
2009-6-5,940.090027,29.620001
2009-6-8,939.140015,29.77
2009-6-9,942.429993,28.27
2009-6-10,939.150024,28.459999
2009-6-11,944.890015,28.110001
2009-6-12,946.210022,28.15
2009-6-15,923.719971,30.809999
2009-6-16,911.969971,32.68
2009-6-17,910.710022,31.540001
2009-6-18,918.369995,30.030001
2009-6-19,921.22998,27.99
2009-6-22,893.039978,31.17
2009-6-23,895.099976,30.58
2009-6-24,900.940002,29.049999
2009-6-25,920.26001,26.360001
2009-6-26,918.900024,25.93
2009-6-29,927.22998,25.35
2009-6-30,919.320007,26.35
2009-7-1,923.330017,26.219999
2009-7-2,896.419983,27.950001
2009-7-6,898.719971,29
2009-7-7,881.030029,30.85
2009-7-8,879.559998,31.299999
2009-7-9,882.679993,29.780001
2009-7-10,879.130005,29.02
2009-7-13,901.049988,26.309999
2009-7-14,905.840027,25.02
2009-7-15,932.679993,25.889999
2009-7-16,940.73999,25.42
2009-7-17,940.380005,24.34
2009-7-20,951.130005,24.4
2009-7-21,954.580017,23.870001
2009-7-22,954.070007,23.469999
2009-7-23,976.289978,23.43
2009-7-24,979.26001,23.09
2009-7-27,982.179993,24.280001
2009-7-28,979.619995,25.01
2009-7-29,975.150024,25.610001
2009-7-30,986.75,25.4
2009-7-31,987.47998,25.92
2009-8-3,1002.630005,25.559999
2009-8-4,1005.650024,24.889999
2009-8-5,1002.719971,24.9
2009-8-6,997.080017,25.67
2009-8-7,1010.47998,24.76
2009-8-10,1007.099976,24.99
2009-8-11,994.349976,25.99
2009-8-12,1005.809998,25.450001
2009-8-13,1012.72998,24.709999
2009-8-14,1004.090027,24.27
2009-8-17,979.72998,27.889999
2009-8-18,989.669983,26.18
2009-8-19,996.460022,26.26
2009-8-20,1007.369995,25.09
2009-8-21,1026.130005,25.01
2009-8-24,1025.569946,25.139999
2009-8-25,1028,24.92
2009-8-26,1028.119995,24.950001
2009-8-27,1030.97998,24.68
2009-8-28,1028.930054,24.76
2009-8-31,1020.619995,26.01
2009-9-1,998.039978,29.15
2009-9-2,994.75,28.9
2009-9-3,1003.23999,27.1
2009-9-4,1016.400024,25.26
2009-9-8,1025.390015,25.620001
2009-9-9,1033.369995,24.32
2009-9-10,1044.140015,23.549999
2009-9-11,1042.72998,24.15
2009-9-14,1049.339966,23.860001
2009-9-15,1052.630005,23.42
2009-9-16,1068.76001,23.690001
2009-9-17,1065.48999,23.65
2009-9-18,1068.300049,23.92
2009-9-21,1064.660034,24.059999
2009-9-22,1071.660034,23.08
2009-9-23,1060.869995,23.49
2009-9-24,1050.780029,24.950001
2009-9-25,1044.380005,25.610001
2009-9-28,1062.97998,24.879999
2009-9-29,1060.609985,25.190001
2009-9-30,1057.079956,25.610001
2009-10-1,1029.849976,28.27
2009-10-2,1025.209961,28.68
2009-10-5,1040.459961,26.84
2009-10-6,1054.719971,25.700001
2009-10-7,1057.579956,24.68
2009-10-8,1065.47998,24.18
2009-10-9,1071.48999,23.120001
2009-10-12,1076.189941,23.01
2009-10-13,1073.189941,22.99
2009-10-14,1092.02002,22.860001
2009-10-15,1096.560059,21.719999
2009-10-16,1087.680054,21.43
2009-10-19,1097.910034,21.49
2009-10-20,1091.060059,20.9
2009-10-21,1081.400024,22.219999
2009-10-22,1092.910034,20.690001
2009-10-23,1079.599976,22.27
2009-10-26,1066.949951,24.309999
2009-10-27,1063.410034,24.83
2009-10-28,1042.630005,27.91
2009-10-29,1066.109985,24.76
2009-10-30,1036.189941,30.690001
2009-11-2,1042.880005,29.780001
2009-11-3,1045.410034,28.809999
2009-11-4,1046.5,27.719999
2009-11-5,1066.630005,25.43
2009-11-6,1069.300049,24.190001
2009-11-9,1093.079956,23.15
2009-11-10,1093.01001,22.84
2009-11-11,1098.51001,23
2009-11-12,1087.23999,24.24
2009-11-13,1093.47998,23.360001
2009-11-16,1109.300049,22.889999
2009-11-17,1110.319946,22.41
2009-11-18,1109.800049,21.629999
2009-11-19,1094.900024,22.629999
2009-11-20,1091.380005,22.190001
2009-11-23,1106.23999,21.16
2009-11-24,1105.650024,20.469999
2009-11-25,1110.630005,20.48
2009-11-27,1091.48999,24.74
2009-11-30,1095.630005,24.51
2009-12-1,1108.859985,21.92
2009-12-2,1109.23999,21.120001
2009-12-3,1099.920044,22.459999
2009-12-4,1105.97998,21.25
2009-12-7,1103.25,22.1
2009-12-8,1091.939941,23.690001
2009-12-9,1095.949951,22.66
2009-12-10,1102.349976,22.32
2009-12-11,1106.410034,21.59
2009-12-14,1114.109985,21.15
2009-12-15,1107.930054,21.5
2009-12-16,1109.180054,20.540001
2009-12-17,1096.079956,22.57
2009-12-18,1102.469971,21.68
2009-12-21,1114.050049,20.49
2009-12-22,1118.02002,19.540001
2009-12-23,1120.589966,19.709999
2009-12-24,1126.47998,19.469999
2009-12-28,1127.780029,19.93
2009-12-29,1126.199951,20.01
2009-12-30,1126.420044,19.959999
2009-12-31,1115.099976,21.68
2010-1-4,1132.98999,20.040001
2010-1-5,1136.52002,19.35
2010-1-6,1137.140015,19.16
2010-1-7,1141.689941,19.059999
2010-1-8,1144.97998,18.129999
2010-1-11,1146.97998,17.549999
2010-1-12,1136.219971,18.25
2010-1-13,1145.680054,17.85
2010-1-14,1148.459961,17.629999
2010-1-15,1136.030029,17.91
2010-1-19,1150.22998,17.58
2010-1-20,1138.040039,18.68
2010-1-21,1116.47998,22.27
2010-1-22,1091.76001,27.309999
2010-1-25,1096.780029,25.41
2010-1-26,1092.170044,24.549999
2010-1-27,1097.5,23.139999
2010-1-28,1084.530029,23.73
2010-1-29,1073.869995,24.620001
2010-2-1,1089.189941,22.59
2010-2-2,1103.319946,21.48
2010-2-3,1097.280029,21.6
2010-2-4,1063.109985,26.08
2010-2-5,1066.189941,26.110001
2010-2-8,1056.73999,26.51
2010-2-9,1070.52002,26
2010-2-10,1068.130005,25.4
2010-2-11,1078.469971,23.959999
2010-2-12,1075.51001,22.73
2010-2-16,1094.869995,22.25
2010-2-17,1099.51001,21.719999
2010-2-18,1106.75,20.629999
2010-2-19,1109.170044,20.02
2010-2-22,1108.01001,19.940001
2010-2-23,1094.599976,21.370001
2010-2-24,1105.23999,20.27
2010-2-25,1102.939941,20.1
2010-2-26,1104.48999,19.5
2010-3-1,1115.709961,19.26
2010-3-2,1118.310059,19.059999
2010-3-3,1118.790039,18.83
2010-3-4,1122.969971,18.719999
2010-3-5,1138.699951,17.42
2010-3-8,1138.5,17.790001
2010-3-9,1140.449951,17.92
2010-3-10,1145.609985,18.57
2010-3-11,1150.23999,18.059999
2010-3-12,1149.98999,17.58
2010-3-15,1150.51001,18
2010-3-16,1159.459961,17.690001
2010-3-17,1166.209961,16.91
2010-3-18,1165.829956,16.620001
2010-3-19,1159.900024,16.969999
2010-3-22,1165.810059,16.870001
2010-3-23,1174.170044,16.35
2010-3-24,1167.719971,17.549999
2010-3-25,1165.72998,18.4
2010-3-26,1166.589966,17.77
2010-3-29,1173.219971,17.59
2010-3-30,1173.27002,17.129999
2010-3-31,1169.430054,17.59
2010-4-1,1178.099976,17.469999
2010-4-5,1187.439941,17.02
2010-4-6,1189.439941,16.23
2010-4-7,1182.449951,16.620001
2010-4-8,1186.439941,16.48
2010-4-9,1194.369995,16.139999
2010-4-12,1196.47998,15.58
2010-4-13,1197.300049,16.200001
2010-4-14,1210.650024,15.59
2010-4-15,1211.670044,15.89
2010-4-16,1192.130005,18.360001
2010-4-19,1197.52002,17.34
2010-4-20,1207.170044,15.73
2010-4-21,1205.939941,16.32
2010-4-22,1208.670044,16.469999
2010-4-23,1217.280029,16.620001
2010-4-26,1212.050049,17.469999
2010-4-27,1183.709961,22.809999
2010-4-28,1191.359985,21.08
2010-4-29,1206.780029,18.440001
2010-4-30,1186.689941,22.049999
2010-5-3,1202.26001,20.190001
2010-5-4,1173.599976,23.84
2010-5-5,1165.869995,24.91
2010-5-6,1128.150024,32.799999
2010-5-7,1110.880005,40.950001
2010-5-10,1159.72998,28.84
2010-5-11,1155.790039,28.32
2010-5-12,1171.670044,25.52
2010-5-13,1157.439941,26.68
2010-5-14,1135.680054,31.24
2010-5-17,1136.939941,30.84
2010-5-18,1120.800049,33.549999
2010-5-19,1115.050049,35.32
2010-5-20,1071.589966,45.790001
2010-5-21,1087.689941,40.099998
2010-5-24,1073.650024,38.32
2010-5-25,1074.030029,34.610001
2010-5-26,1067.949951,35.02
2010-5-27,1103.060059,29.68
2010-5-28,1089.410034,32.07
2010-6-1,1070.709961,35.540001
2010-6-2,1098.380005,30.17
2010-6-3,1102.829956,29.459999
2010-6-4,1064.880005,35.48
2010-6-7,1050.469971,36.57
2010-6-8,1062,33.700001
2010-6-9,1055.689941,33.73
2010-6-10,1086.839966,30.57
2010-6-11,1091.599976,28.790001
2010-6-14,1089.630005,28.58
2010-6-15,1115.22998,25.870001
2010-6-16,1114.609985,25.92
2010-6-17,1116.040039,25.049999
2010-6-18,1117.51001,23.950001
2010-6-21,1113.199951,24.879999
2010-6-22,1095.310059,27.049999
2010-6-23,1092.040039,26.91
2010-6-24,1073.689941,29.74
2010-6-25,1076.76001,28.530001
2010-6-28,1074.569946,29
2010-6-29,1041.23999,34.130001
2010-6-30,1030.709961,34.540001
2010-7-1,1027.369995,32.860001
2010-7-2,1022.580017,30.120001
2010-7-6,1028.060059,29.65
2010-7-7,1060.27002,26.84
2010-7-8,1070.25,25.709999
2010-7-9,1077.959961,24.98
2010-7-12,1078.75,24.43
2010-7-13,1095.339966,24.559999
2010-7-14,1095.170044,24.889999
2010-7-15,1096.47998,25.139999
2010-7-16,1064.880005,26.25
2010-7-19,1071.25,25.969999
2010-7-20,1083.47998,23.93
2010-7-21,1069.589966,25.639999
2010-7-22,1093.670044,24.629999
2010-7-23,1102.660034,23.469999
2010-7-26,1115.01001,22.780001
2010-7-27,1113.839966,23.190001
2010-7-28,1106.130005,24.25
2010-7-29,1101.530029,24.129999
2010-7-30,1101.599976,23.5
2010-8-2,1125.859985,22.01
2010-8-3,1120.459961,22.629999
2010-8-4,1127.23999,22.209999
2010-8-5,1125.810059,22.1
2010-8-6,1121.640015,21.74
2010-8-9,1127.790039,22.139999
2010-8-10,1121.060059,22.370001
2010-8-11,1089.469971,25.389999
2010-8-12,1083.609985,25.73
2010-8-13,1079.25,26.24
2010-8-16,1079.380005,26.1
2010-8-17,1092.540039,24.33
2010-8-18,1094.160034,24.59
2010-8-19,1075.630005,26.440001
2010-8-20,1071.689941,25.49
2010-8-23,1067.359985,25.66
2010-8-24,1051.869995,27.459999
2010-8-25,1055.329956,26.700001
2010-8-26,1047.219971,27.370001
2010-8-27,1064.589966,24.450001
2010-8-30,1048.920044,27.209999
2010-8-31,1049.329956,26.049999
2010-9-1,1080.290039,23.889999
2010-9-2,1090.099976,23.190001
2010-9-3,1104.51001,21.309999
2010-9-7,1091.839966,23.799999
2010-9-8,1098.869995,23.25
2010-9-9,1104.180054,22.809999
2010-9-10,1109.550049,21.99
2010-9-13,1121.900024,21.209999
2010-9-14,1121.099976,21.559999
2010-9-15,1125.069946,22.1
2010-9-16,1124.660034,21.719999
2010-9-17,1125.589966,22.01
2010-9-20,1142.709961,21.5
2010-9-21,1139.780029,22.35
2010-9-22,1134.280029,22.51
2010-9-23,1124.829956,23.870001
2010-9-24,1148.670044,21.709999
2010-9-27,1142.160034,22.540001
2010-9-28,1147.699951,22.6
2010-9-29,1144.72998,23.25
2010-9-30,1141.199951,23.700001
2010-10-1,1146.23999,22.5
2010-10-4,1137.030029,23.530001
2010-10-5,1160.75,21.76
2010-10-6,1159.969971,21.49
2010-10-7,1158.060059,21.559999
2010-10-8,1165.150024,20.709999
2010-10-11,1165.319946,18.959999
2010-10-12,1169.77002,18.93
2010-10-13,1178.099976,19.07
2010-10-14,1173.810059,19.879999
2010-10-15,1176.189941,19.030001
2010-10-18,1184.709961,19.09
2010-10-19,1165.900024,20.629999
2010-10-20,1178.170044,19.790001
2010-10-21,1180.26001,19.27
2010-10-22,1183.079956,18.780001
2010-10-25,1185.619995,19.85
2010-10-26,1185.640015,20.219999
2010-10-27,1182.449951,20.709999
2010-10-28,1183.780029,20.879999
2010-10-29,1183.26001,21.200001
2010-11-1,1184.380005,21.83
2010-11-2,1193.569946,21.57
2010-11-3,1197.959961,19.559999
2010-11-4,1221.060059,18.52
2010-11-5,1225.849976,18.26
2010-11-8,1223.25,18.290001
2010-11-9,1213.400024,19.08
2010-11-10,1218.709961,18.469999
2010-11-11,1213.540039,18.639999
2010-11-12,1199.209961,20.610001
2010-11-15,1197.75,20.200001
2010-11-16,1178.339966,22.58
2010-11-17,1178.589966,21.76
2010-11-18,1196.689941,18.75
2010-11-19,1199.72998,18.040001
2010-11-22,1197.839966,18.370001
2010-11-23,1180.72998,20.629999
2010-11-24,1198.349976,19.559999
2010-11-26,1189.400024,22.219999
2010-11-29,1187.76001,21.530001
2010-11-30,1180.550049,23.540001
2010-12-1,1206.069946,21.360001
2010-12-2,1221.530029,19.389999
2010-12-3,1224.709961,18.01
2010-12-6,1223.119995,18.02
2010-12-7,1223.75,17.99
2010-12-8,1228.280029,17.74
2010-12-9,1233,17.25
2010-12-10,1240.400024,17.610001
2010-12-13,1240.459961,17.549999
2010-12-14,1241.589966,17.610001
2010-12-15,1235.22998,17.940001
2010-12-16,1242.869995,17.389999
2010-12-17,1243.910034,16.110001
2010-12-20,1247.079956,16.41
2010-12-21,1254.599976,16.49
2010-12-22,1258.839966,15.45
2010-12-23,1256.77002,16.469999
2010-12-27,1257.540039,17.67
2010-12-28,1258.51001,17.52
2010-12-29,1259.780029,17.280001
2010-12-30,1257.880005,17.52
2010-12-31,1257.640015,17.75
2011-1-3,1271.869995,17.610001
2011-1-4,1270.199951,17.379999
2011-1-5,1276.560059,17.02
2011-1-6,1273.849976,17.4
2011-1-7,1271.5,17.139999
2011-1-10,1269.75,17.540001
2011-1-11,1274.47998,16.889999
2011-1-12,1285.959961,16.24
2011-1-13,1283.76001,16.389999
2011-1-14,1293.23999,15.46
2011-1-18,1295.02002,15.87
2011-1-19,1281.920044,17.309999
2011-1-20,1280.26001,17.99
2011-1-21,1283.349976,18.469999
2011-1-24,1290.839966,17.65
2011-1-25,1291.180054,17.59
2011-1-26,1296.630005,16.639999
2011-1-27,1299.540039,16.15
2011-1-28,1276.339966,20.040001
2011-1-31,1286.119995,19.530001
2011-2-1,1307.589966,17.629999
2011-2-2,1304.030029,17.299999
2011-2-3,1307.099976,16.690001
2011-2-4,1310.869995,15.93
2011-2-7,1319.050049,16.280001
2011-2-8,1324.569946,15.81
2011-2-9,1320.880005,15.87
2011-2-10,1321.869995,16.09
2011-2-11,1329.150024,15.69
2011-2-14,1332.319946,15.95
2011-2-15,1328.01001,16.370001
2011-2-16,1336.319946,16.719999
2011-2-17,1340.430054,16.59
2011-2-18,1343.01001,16.43
2011-2-22,1315.439941,20.799999
2011-2-23,1307.400024,22.129999
2011-2-24,1306.099976,21.32
2011-2-25,1319.880005,19.219999
2011-2-28,1327.219971,18.35
2011-3-1,1306.329956,21.01
2011-3-2,1308.439941,20.700001
2011-3-3,1330.969971,18.6
2011-3-4,1321.150024,19.059999
2011-3-7,1310.130005,20.66
2011-3-8,1321.819946,19.82
2011-3-9,1320.02002,20.219999
2011-3-10,1295.109985,21.790001
2011-3-11,1304.280029,20.08
2011-3-14,1296.390015,21.129999
2011-3-15,1281.869995,24.32
2011-3-16,1256.880005,29.4
2011-3-17,1273.719971,26.370001
2011-3-18,1279.209961,24.440001
2011-3-21,1298.380005,20.610001
2011-3-22,1293.77002,20.209999
2011-3-23,1297.540039,19.17
2011-3-24,1309.660034,18
2011-3-25,1313.800049,17.91
2011-3-28,1310.189941,19.440001
2011-3-29,1319.439941,18.16
2011-3-30,1328.26001,17.709999
2011-3-31,1325.829956,17.74
2011-4-1,1332.410034,17.4
2011-4-4,1332.869995,17.5
2011-4-5,1332.630005,17.25
2011-4-6,1335.540039,16.9
2011-4-7,1333.51001,17.110001
2011-4-8,1328.170044,17.870001
2011-4-11,1324.459961,16.59
2011-4-12,1314.160034,17.09
2011-4-13,1314.410034,16.92
2011-4-14,1314.52002,16.27
2011-4-15,1319.680054,15.32
2011-4-18,1305.140015,16.959999
2011-4-19,1312.619995,15.83
2011-4-20,1330.359985,15.07
2011-4-21,1337.380005,14.69
2011-4-25,1335.25,15.77
2011-4-26,1347.23999,15.62
2011-4-27,1355.660034,15.35
2011-4-28,1360.47998,14.62
2011-4-29,1363.609985,14.75
2011-5-2,1361.219971,15.99
2011-5-3,1356.619995,16.700001
2011-5-4,1347.319946,17.08
2011-5-5,1335.099976,18.200001
2011-5-6,1340.199951,18.4
2011-5-9,1346.290039,17.16
2011-5-10,1357.160034,15.91
2011-5-11,1342.079956,16.950001
2011-5-12,1348.650024,16.030001
2011-5-13,1337.77002,17.07
2011-5-16,1329.469971,18.24
2011-5-17,1328.97998,17.549999
2011-5-18,1340.680054,16.23
2011-5-19,1343.599976,15.52
2011-5-20,1333.27002,17.43
2011-5-23,1317.369995,18.27
2011-5-24,1316.280029,17.82
2011-5-25,1320.469971,17.07
2011-5-26,1325.689941,16.09
2011-5-27,1331.099976,15.98
2011-5-31,1345.199951,15.45
2011-6-1,1314.550049,18.299999
2011-6-2,1312.939941,18.09
2011-6-3,1300.160034,17.950001
2011-6-6,1286.170044,18.49
2011-6-7,1284.939941,18.07
2011-6-8,1279.560059,18.790001
2011-6-9,1289,17.77
2011-6-10,1270.97998,18.860001
2011-6-13,1271.829956,19.610001
2011-6-14,1287.869995,18.26
2011-6-15,1265.420044,21.32
2011-6-16,1267.640015,22.73
2011-6-17,1271.5,21.85
2011-6-20,1278.359985,19.99
2011-6-21,1295.52002,18.860001
2011-6-22,1287.140015,18.52
2011-6-23,1283.5,19.290001
2011-6-24,1268.449951,21.1
2011-6-27,1280.099976,20.559999
2011-6-28,1296.670044,19.17
2011-6-29,1307.410034,17.27
2011-6-30,1320.640015,16.52
2011-7-1,1339.670044,15.87
2011-7-5,1337.880005,16.059999
2011-7-6,1339.219971,16.34
2011-7-7,1353.219971,15.95
2011-7-8,1343.800049,15.95
2011-7-11,1319.48999,18.389999
2011-7-12,1313.640015,19.870001
2011-7-13,1317.719971,19.91
2011-7-14,1308.869995,20.799999
2011-7-15,1316.140015,19.530001
2011-7-18,1305.439941,20.950001
2011-7-19,1326.72998,19.209999
2011-7-20,1325.839966,19.09
2011-7-21,1343.800049,17.559999
2011-7-22,1345.02002,17.52
2011-7-25,1337.430054,19.35
2011-7-26,1331.939941,20.23
2011-7-27,1304.890015,22.98
2011-7-28,1300.670044,23.74
2011-7-29,1292.280029,25.25
2011-8-1,1286.939941,23.66
2011-8-2,1254.050049,24.790001
2011-8-3,1260.339966,23.379999
2011-8-4,1200.069946,31.66
2011-8-5,1199.380005,32
2011-8-8,1119.459961,48
2011-8-9,1172.530029,35.060001
2011-8-10,1120.76001,42.990002
2011-8-11,1172.640015,39
2011-8-12,1178.810059,36.360001
2011-8-15,1204.48999,31.870001
2011-8-16,1192.76001,32.849998
2011-8-17,1193.890015,31.58
2011-8-18,1140.650024,42.669998
2011-8-19,1123.530029,43.049999
2011-8-22,1123.819946,42.439999
2011-8-23,1162.349976,36.27
2011-8-24,1177.599976,35.900002
2011-8-25,1159.27002,39.759998
2011-8-26,1176.800049,35.59
2011-8-29,1210.079956,32.279999
2011-8-30,1212.920044,32.889999
2011-8-31,1218.890015,31.620001
2011-9-1,1204.420044,31.82
2011-9-2,1173.969971,33.919998
2011-9-6,1165.23999,37
2011-9-7,1198.619995,33.380001
2011-9-8,1185.900024,34.32
2011-9-9,1154.22998,38.52
2011-9-12,1162.27002,38.59
2011-9-13,1172.869995,36.91
2011-9-14,1188.680054,34.599998
2011-9-15,1209.109985,31.969999
2011-9-16,1216.01001,30.98
2011-9-19,1204.089966,32.73
2011-9-20,1202.089966,32.860001
2011-9-21,1166.76001,37.32
2011-9-22,1129.560059,41.349998
2011-9-23,1136.430054,41.25
2011-9-26,1162.949951,39.02
2011-9-27,1175.380005,37.709999
2011-9-28,1151.060059,41.080002
2011-9-29,1160.400024,38.84
2011-9-30,1131.420044,42.959999
2011-10-3,1099.22998,45.450001
2011-10-4,1123.949951,40.82
2011-10-5,1144.030029,37.810001
2011-10-6,1164.969971,36.27
2011-10-7,1155.459961,36.200001
2011-10-10,1194.890015,33.02
2011-10-11,1195.540039,32.860001
2011-10-12,1207.25,31.26
2011-10-13,1203.660034,30.700001
2011-10-14,1224.579956,28.24
2011-10-17,1200.859985,33.389999
2011-10-18,1225.380005,31.559999
2011-10-19,1209.880005,34.439999
2011-10-20,1215.390015,34.779999
2011-10-21,1238.25,31.32
2011-10-24,1254.189941,29.26
2011-10-25,1229.050049,32.220001
2011-10-26,1242,29.860001
2011-10-27,1284.589966,25.459999
2011-10-28,1285.089966,24.530001
2011-10-31,1253.300049,29.959999
2011-11-1,1218.280029,34.77
2011-11-2,1237.900024,32.740002
2011-11-3,1261.150024,30.5
2011-11-4,1253.22998,30.16
2011-11-7,1261.119995,29.85
2011-11-8,1275.920044,27.48
2011-11-9,1229.099976,36.16
2011-11-10,1239.699951,32.810001
2011-11-11,1263.849976,30.040001
2011-11-14,1251.780029,31.129999
2011-11-15,1257.810059,31.219999
2011-11-16,1236.910034,33.509998
2011-11-17,1216.130005,34.509998
2011-11-18,1215.650024,32
2011-11-21,1192.97998,32.91
2011-11-22,1188.040039,31.969999
2011-11-23,1161.790039,33.98
2011-11-25,1158.670044,34.470001
2011-11-28,1192.550049,32.130001
2011-11-29,1195.189941,30.639999
2011-11-30,1246.959961,27.799999
2011-12-1,1244.579956,27.41
2011-12-2,1244.280029,27.52
2011-12-5,1257.079956,27.84
2011-12-6,1258.469971,28.129999
2011-12-7,1261.01001,28.67
2011-12-8,1234.349976,30.59
2011-12-9,1255.189941,26.379999
2011-12-12,1236.469971,25.67
2011-12-13,1225.72998,25.41
2011-12-14,1211.819946,26.040001
2011-12-15,1215.75,25.110001
2011-12-16,1219.660034,24.290001
2011-12-19,1205.349976,24.92
2011-12-20,1241.300049,23.219999
2011-12-21,1243.719971,21.43
2011-12-22,1254,21.16
2011-12-23,1265.329956,20.73
2011-12-27,1265.430054,21.91
2011-12-28,1249.640015,23.52
2011-12-29,1263.02002,22.65
2011-12-30,1257.599976,23.4
2012-1-3,1277.060059,22.969999
2012-1-4,1277.300049,22.219999
2012-1-5,1281.060059,21.48
2012-1-6,1277.810059,20.629999
2012-1-9,1280.699951,21.07
2012-1-10,1292.079956,20.690001
2012-1-11,1292.47998,21.049999
2012-1-12,1295.5,20.469999
2012-1-13,1289.089966,20.91
2012-1-17,1293.670044,22.200001
2012-1-18,1308.040039,20.889999
2012-1-19,1314.5,19.870001
2012-1-20,1315.380005,18.280001
2012-1-23,1316,18.67
2012-1-24,1314.650024,18.91
2012-1-25,1326.060059,18.309999
2012-1-26,1318.430054,18.57
2012-1-27,1316.329956,18.530001
2012-1-30,1313.01001,19.4
2012-1-31,1312.410034,19.440001
2012-2-1,1324.089966,18.549999
2012-2-2,1325.540039,17.98
2012-2-3,1344.900024,17.1
2012-2-6,1344.329956,17.76
2012-2-7,1347.050049,17.67
2012-2-8,1349.959961,18.16
2012-2-9,1351.949951,18.629999
2012-2-10,1342.640015,20.77
2012-2-13,1351.77002,19.040001
2012-2-14,1350.5,19.540001
2012-2-15,1343.22998,21.139999
2012-2-16,1358.040039,19.219999
2012-2-17,1361.22998,17.780001
2012-2-21,1362.209961,18.190001
2012-2-22,1357.660034,18.190001
2012-2-23,1363.459961,16.83
2012-2-24,1365.73999,17.309999
2012-2-27,1367.589966,18.18
2012-2-28,1372.180054,17.950001
2012-2-29,1365.680054,18.43
2012-3-1,1374.089966,17.26
2012-3-2,1369.630005,17.290001
2012-3-5,1364.329956,18.049999
2012-3-6,1343.359985,20.84
2012-3-7,1352.630005,19.07
2012-3-8,1365.910034,18.02
2012-3-9,1370.869995,17.110001
2012-3-12,1371.089966,15.64
2012-3-13,1395.949951,14.73
2012-3-14,1394.280029,15.31
2012-3-15,1402.599976,15.43
2012-3-16,1404.170044,14.43
2012-3-19,1409.75,15.04
2012-3-20,1405.52002,15.58
2012-3-21,1402.890015,15.13
2012-3-22,1392.780029,15.68
2012-3-23,1397.109985,14.82
2012-3-26,1416.51001,14.26
2012-3-27,1412.52002,15.57
2012-3-28,1405.540039,15.47
2012-3-29,1403.280029,15.48
2012-3-30,1408.469971,15.5
2012-4-2,1419.040039,15.64
2012-4-3,1413.380005,15.66
2012-4-4,1398.959961,16.42
2012-4-5,1398.079956,16.700001
2012-4-9,1382.199951,18.809999
2012-4-10,1358.589966,20.389999
2012-4-11,1368.709961,20.02
2012-4-12,1387.569946,17.200001
2012-4-13,1370.26001,19.549999
2012-4-16,1369.569946,19.549999
2012-4-17,1390.780029,18.459999
2012-4-18,1385.140015,18.639999
2012-4-19,1376.920044,18.360001
2012-4-20,1378.530029,17.440001
2012-4-23,1366.939941,18.969999
2012-4-24,1371.969971,18.1
2012-4-25,1390.689941,16.82
2012-4-26,1399.97998,16.24
2012-4-27,1403.359985,16.32
2012-4-30,1397.910034,17.15
2012-5-1,1405.819946,16.6
2012-5-2,1402.310059,16.879999
2012-5-3,1391.569946,17.559999
2012-5-4,1369.099976,19.16
2012-5-7,1369.579956,18.940001
2012-5-8,1363.719971,19.049999
2012-5-9,1354.579956,20.08
2012-5-10,1357.98999,18.83
2012-5-11,1353.390015,19.889999
2012-5-14,1338.349976,21.870001
2012-5-15,1330.660034,21.969999
2012-5-16,1324.800049,22.27
2012-5-17,1304.859985,24.49
2012-5-18,1295.219971,25.1
2012-5-21,1315.98999,22.01
2012-5-22,1316.630005,22.48
2012-5-23,1318.859985,22.33
2012-5-24,1320.680054,21.540001
2012-5-25,1317.819946,21.76
2012-5-29,1332.420044,21.030001
2012-5-30,1313.319946,24.139999
2012-5-31,1310.329956,24.059999
2012-6-1,1278.040039,26.66
2012-6-4,1278.180054,26.120001
2012-6-5,1285.5,24.68
2012-6-6,1315.130005,22.16
2012-6-7,1314.98999,21.719999
2012-6-8,1325.660034,21.23
2012-6-11,1308.930054,23.559999
2012-6-12,1324.180054,22.09
2012-6-13,1314.880005,24.27
2012-6-14,1329.099976,21.68
2012-6-15,1342.839966,21.110001
2012-6-18,1344.780029,18.32
2012-6-19,1357.97998,18.379999
2012-6-20,1355.689941,17.24
2012-6-21,1325.51001,20.08
2012-6-22,1335.02002,18.110001
2012-6-25,1313.719971,20.379999
2012-6-26,1319.98999,19.719999
2012-6-27,1331.849976,19.450001
2012-6-28,1329.040039,19.709999
2012-6-29,1362.160034,17.08
2012-7-2,1365.51001,16.799999
2012-7-3,1374.02002,16.66
2012-7-5,1367.579956,17.5
2012-7-6,1354.680054,17.1
2012-7-9,1352.459961,18.049999
2012-7-10,1341.469971,18.719999
2012-7-11,1341.449951,17.950001
2012-7-12,1334.76001,18.360001
2012-7-13,1356.780029,16.74
2012-7-16,1353.640015,17.110001
2012-7-17,1363.670044,16.48
2012-7-18,1372.780029,16.16
2012-7-19,1376.51001,15.45
2012-7-20,1362.660034,16.27
2012-7-23,1350.52002,18.620001
2012-7-24,1338.310059,20.469999
2012-7-25,1337.890015,19.34
2012-7-26,1360.02002,17.530001
2012-7-27,1385.969971,16.700001
2012-7-30,1385.300049,18.030001
2012-7-31,1379.319946,18.93
2012-8-1,1375.319946,18.959999
2012-8-2,1365,17.57
2012-8-3,1390.98999,15.64
2012-8-6,1394.22998,15.95
2012-8-7,1401.349976,15.99
2012-8-8,1402.219971,15.32
2012-8-9,1402.800049,15.28
2012-8-10,1405.869995,14.74
2012-8-13,1404.109985,13.7
2012-8-14,1403.930054,14.85
2012-8-15,1405.530029,14.63
2012-8-16,1415.51001,14.29
2012-8-17,1418.160034,13.45
2012-8-20,1418.130005,14.02
2012-8-21,1413.170044,15.02
2012-8-22,1413.48999,15.11
2012-8-23,1402.079956,15.96
2012-8-24,1411.130005,15.18
2012-8-27,1410.439941,16.35
2012-8-28,1409.300049,16.49
2012-8-29,1410.48999,17.059999
2012-8-30,1399.47998,17.83
2012-8-31,1406.579956,17.469999
2012-9-4,1404.939941,17.98
2012-9-5,1403.439941,17.74
2012-9-6,1432.119995,15.63
2012-9-7,1437.920044,14.38
2012-9-10,1429.079956,16.280001
2012-9-11,1433.560059,16.41
2012-9-12,1436.560059,15.8
2012-9-13,1459.98999,14.05
2012-9-14,1465.77002,14.51
2012-9-17,1461.189941,14.59
2012-9-18,1459.319946,14.18
2012-9-19,1461.050049,13.88
2012-9-20,1460.26001,14.07
2012-9-21,1460.150024,13.98
2012-9-24,1456.890015,14.15
2012-9-25,1441.589966,15.43
2012-9-26,1433.319946,16.809999
2012-9-27,1447.150024,14.84
2012-9-28,1440.670044,15.73
2012-10-1,1444.48999,16.32
2012-10-2,1445.75,15.71
2012-10-3,1450.98999,15.43
2012-10-4,1461.400024,14.55
2012-10-5,1460.930054,14.33
2012-10-8,1455.880005,15.11
2012-10-9,1441.47998,16.370001
2012-10-10,1432.560059,16.290001
2012-10-11,1432.839966,15.59
2012-10-12,1428.589966,16.139999
2012-10-15,1440.130005,15.27
2012-10-16,1454.920044,15.22
2012-10-17,1460.910034,15.07
2012-10-18,1457.339966,15.03
2012-10-19,1433.189941,16.969999
2012-10-22,1433.819946,16.620001
2012-10-23,1413.109985,18.83
2012-10-24,1408.75,18.33
2012-10-25,1412.969971,18.120001
2012-10-26,1411.939941,17.809999
2012-10-31,1412.160034,18.6
2012-11-1,1427.589966,16.690001
2012-11-2,1414.199951,17.59
2012-11-5,1417.26001,18.42
2012-11-6,1428.390015,17.58
2012-11-7,1394.530029,19.08
2012-11-8,1377.51001,18.49
2012-11-9,1379.849976,18.610001
2012-11-12,1380.030029,16.68
2012-11-13,1374.530029,16.65
2012-11-14,1355.48999,17.92
2012-11-15,1353.329956,17.99
2012-11-16,1359.880005,16.41
2012-11-19,1386.890015,15.24
2012-11-20,1387.810059,15.08
2012-11-21,1391.030029,15.31
2012-11-23,1409.150024,15.14
2012-11-26,1406.290039,15.5
2012-11-27,1398.939941,15.92
2012-11-28,1409.930054,15.51
2012-11-29,1415.949951,15.06
2012-11-30,1416.180054,15.87
2012-12-3,1409.459961,16.639999
2012-12-4,1407.050049,17.120001
2012-12-5,1409.280029,16.459999
2012-12-6,1413.939941,16.58
2012-12-7,1418.069946,15.87
2012-12-10,1418.550049,16.049999
2012-12-11,1427.839966,15.57
2012-12-12,1428.47998,15.95
2012-12-13,1419.449951,16.559999
2012-12-14,1413.579956,16.99
2012-12-17,1430.359985,16.34
2012-12-18,1446.790039,15.57
2012-12-19,1435.810059,17.360001
2012-12-20,1443.689941,17.67
2012-12-21,1430.150024,17.84
2012-12-24,1426.660034,17.84
2012-12-26,1419.829956,19.48
2012-12-27,1418.099976,19.469999
2012-12-28,1402.430054,21.790001
2012-12-31,1426.189941,18.02
2013-1-2,1462.420044,14.68
2013-1-3,1459.369995,14.56
2013-1-4,1466.469971,13.83
2013-1-7,1461.890015,13.79
2013-1-8,1457.150024,13.62
2013-1-9,1461.02002,13.81
2013-1-10,1472.119995,13.49
2013-1-11,1472.050049,13.36
2013-1-14,1470.680054,13.52
2013-1-15,1472.339966,13.55
2013-1-16,1472.630005,13.42
2013-1-17,1480.939941,13.57
2013-1-18,1485.97998,12.46
2013-1-22,1492.560059,12.43
2013-1-23,1494.810059,12.46
2013-1-24,1494.819946,12.69
2013-1-25,1502.959961,12.89
2013-1-28,1500.180054,13.57
2013-1-29,1507.839966,13.31
2013-1-30,1501.959961,14.32
2013-1-31,1498.109985,14.38
2013-2-1,1513.170044,12.9
2013-2-4,1495.709961,14.67
2013-2-5,1511.290039,13.72
2013-2-6,1512.119995,13.41
2013-2-7,1509.390015,13.5
2013-2-8,1517.930054,13.02
2013-2-11,1517.01001,12.94
2013-2-12,1519.430054,12.64
2013-2-13,1520.329956,12.98
2013-2-14,1521.380005,12.66
2013-2-15,1519.790039,12.46
2013-2-19,1530.939941,12.31
2013-2-20,1511.949951,14.68
2013-2-21,1502.420044,15.22
2013-2-22,1515.599976,14.17
2013-2-25,1487.849976,18.99
2013-2-26,1496.939941,16.870001
2013-2-27,1515.98999,14.73
2013-2-28,1514.680054,15.51
2013-3-1,1518.199951,15.36
2013-3-4,1525.199951,14.01
2013-3-5,1539.790039,13.48
2013-3-6,1541.459961,13.53
2013-3-7,1544.26001,13.06
2013-3-8,1551.180054,12.59
2013-3-11,1556.219971,11.56
2013-3-12,1552.47998,12.27
2013-3-13,1554.52002,11.83
2013-3-14,1563.22998,11.3
2013-3-15,1560.699951,11.3
2013-3-18,1552.099976,13.36
2013-3-19,1548.339966,14.39
2013-3-20,1558.709961,12.67
2013-3-21,1545.800049,13.99
2013-3-22,1556.890015,13.57
2013-3-25,1551.689941,13.74
2013-3-26,1563.77002,12.77
2013-3-27,1562.849976,13.15
2013-3-28,1569.189941,12.7
2013-4-1,1562.170044,13.58
2013-4-2,1570.25,12.76
2013-4-3,1553.689941,14.21
2013-4-4,1559.97998,13.89
2013-4-5,1553.280029,13.92
2013-4-8,1563.069946,13.19
2013-4-9,1568.609985,12.84
2013-4-10,1587.72998,12.36
2013-4-11,1593.369995,12.24
2013-4-12,1588.849976,12.06
2013-4-15,1552.359985,17.27
2013-4-16,1574.569946,13.96
2013-4-17,1552.01001,16.51
2013-4-18,1541.609985,17.559999
2013-4-19,1555.25,14.97
2013-4-22,1562.5,14.39
2013-4-23,1578.780029,13.48
2013-4-24,1578.790039,13.61
2013-4-25,1585.160034,13.62
2013-4-26,1582.23999,13.61
2013-4-29,1593.609985,13.71
2013-4-30,1597.569946,13.52
2013-5-1,1582.699951,14.49
2013-5-2,1597.589966,13.59
2013-5-3,1614.420044,12.85
2013-5-6,1617.5,12.66
2013-5-7,1625.959961,12.83
2013-5-8,1632.689941,12.66
2013-5-9,1626.670044,13.13
2013-5-10,1633.699951,12.59
2013-5-13,1633.77002,12.55
2013-5-14,1650.339966,12.77
2013-5-15,1658.780029,12.81
2013-5-16,1650.469971,13.07
2013-5-17,1667.469971,12.45
2013-5-20,1666.290039,13.02
2013-5-21,1669.160034,13.37
2013-5-22,1655.349976,13.82
2013-5-23,1650.51001,14.07
2013-5-24,1649.599976,13.99
2013-5-28,1660.060059,14.48
2013-5-29,1648.359985,14.83
2013-5-30,1654.410034,14.53
2013-5-31,1630.73999,16.299999
2013-6-3,1640.420044,16.280001
2013-6-4,1631.380005,16.27
2013-6-5,1608.900024,17.5
2013-6-6,1622.560059,16.629999
2013-6-7,1643.380005,15.14
2013-6-10,1642.810059,15.44
2013-6-11,1626.130005,17.07
2013-6-12,1612.52002,18.59
2013-6-13,1636.359985,16.41
2013-6-14,1626.72998,17.15
2013-6-17,1639.040039,16.799999
2013-6-18,1651.810059,16.610001
2013-6-19,1628.930054,16.639999
2013-6-20,1588.189941,20.49
2013-6-21,1592.430054,18.9
2013-6-24,1573.089966,20.110001
2013-6-25,1588.030029,18.469999
2013-6-26,1603.26001,17.209999
2013-6-27,1613.199951,16.860001
2013-6-28,1606.280029,16.860001
2013-7-1,1614.959961,16.370001
2013-7-2,1614.079956,16.440001
2013-7-3,1615.410034,16.200001
2013-7-5,1631.890015,14.89
2013-7-8,1640.459961,14.78
2013-7-9,1652.319946,14.35
2013-7-10,1652.619995,14.21
2013-7-11,1675.02002,14.01
2013-7-12,1680.189941,13.84
2013-7-15,1682.5,13.79
2013-7-16,1676.26001,14.42
2013-7-17,1680.910034,13.78
2013-7-18,1689.369995,13.77
2013-7-19,1692.089966,12.54
2013-7-22,1695.530029,12.29
2013-7-23,1692.390015,12.66
2013-7-24,1685.939941,13.18
2013-7-25,1690.25,12.97
2013-7-26,1691.650024,12.72
2013-7-29,1685.329956,13.39
2013-7-30,1685.959961,13.39
2013-7-31,1685.72998,13.45
2013-8-1,1706.869995,12.99
2013-8-2,1709.670044,11.98
2013-8-5,1707.140015,11.84
2013-8-6,1697.369995,12.72
2013-8-7,1690.910034,12.98
2013-8-8,1697.47998,12.73
2013-8-9,1691.420044,13.41
2013-8-12,1689.469971,12.81
2013-8-13,1694.160034,12.31
2013-8-14,1685.390015,13.04
2013-8-15,1661.319946,14.73
2013-8-16,1655.829956,14.37
2013-8-19,1646.060059,15.1
2013-8-20,1652.349976,14.91
2013-8-21,1642.800049,15.94
2013-8-22,1656.959961,14.76
2013-8-23,1663.5,14.06
2013-8-26,1656.780029,14.99
2013-8-27,1630.47998,16.82
2013-8-28,1634.959961,16.49
2013-8-29,1638.170044,16.809999
2013-8-30,1632.969971,17.01
2013-9-3,1639.77002,16.610001
2013-9-4,1653.079956,15.88
2013-9-5,1655.079956,15.77
2013-9-6,1655.170044,15.85
2013-9-9,1671.709961,15.63
2013-9-10,1683.98999,14.53
2013-9-11,1689.130005,13.82
2013-9-12,1683.420044,14.29
2013-9-13,1687.98999,14.16
2013-9-16,1697.599976,14.42
2013-9-17,1704.76001,14.53
2013-9-18,1725.52002,13.59
2013-9-19,1722.339966,13.16
2013-9-20,1709.910034,13.12
2013-9-23,1701.839966,14.31
2013-9-24,1697.420044,14.08
2013-9-25,1692.77002,14.01
2013-9-26,1698.670044,14.06
2013-9-27,1691.75,15.46
2013-9-30,1681.550049,16.6
2013-10-1,1695,15.54
2013-10-2,1693.869995,16.6
2013-10-3,1678.660034,17.67
2013-10-4,1690.5,16.74
2013-10-7,1676.119995,19.41
2013-10-8,1655.449951,20.34
2013-10-9,1656.400024,19.6
2013-10-10,1692.560059,16.48
2013-10-11,1703.199951,15.72
2013-10-14,1710.140015,16.07
2013-10-15,1698.060059,18.66
2013-10-16,1721.540039,14.71
2013-10-17,1733.150024,13.48
2013-10-18,1744.5,13.04
2013-10-21,1744.660034,13.16
2013-10-22,1754.670044,13.33
2013-10-23,1746.380005,13.42
2013-10-24,1752.069946,13.2
2013-10-25,1759.77002,13.09
2013-10-28,1762.109985,13.31
2013-10-29,1771.949951,13.41
2013-10-30,1763.310059,13.65
2013-10-31,1756.540039,13.75
2013-11-1,1761.640015,13.28
2013-11-4,1767.930054,12.93
2013-11-5,1762.969971,13.27
2013-11-6,1770.48999,12.68
2013-11-7,1747.150024,13.91
2013-11-8,1770.609985,12.9
2013-11-11,1771.890015,12.53
2013-11-12,1767.689941,12.82
2013-11-13,1782,12.52
2013-11-14,1790.619995,12.37
2013-11-15,1798.180054,12.19
2013-11-18,1791.530029,13.1
2013-11-19,1787.869995,13.42
2013-11-20,1781.369995,13.4
2013-11-21,1795.849976,12.66
2013-11-22,1804.76001,12.26
2013-11-25,1802.47998,12.79
2013-11-26,1802.75,12.81
2013-11-27,1807.22998,12.98
2013-11-29,1805.810059,13.7
2013-12-2,1800.900024,14.23
2013-12-3,1795.150024,14.55
2013-12-4,1792.810059,14.7
2013-12-5,1785.030029,15.08
2013-12-6,1805.089966,13.79
2013-12-9,1808.369995,13.49
2013-12-10,1802.619995,13.91
2013-12-11,1782.219971,15.35
2013-12-12,1775.5,15.54
2013-12-13,1775.319946,15.76
2013-12-16,1786.540039,16.030001
2013-12-17,1781,16.209999
2013-12-18,1810.650024,13.8
2013-12-19,1809.599976,14.15
2013-12-20,1818.319946,13.79
2013-12-23,1827.98999,13.04
2013-12-24,1833.319946,12.48
2013-12-26,1842.02002,12.33
2013-12-27,1841.400024,12.46
2013-12-30,1841.069946,13.56
2013-12-31,1848.359985,13.72
2014-1-2,1831.97998,14.23
2014-1-3,1831.369995,13.76
2014-1-6,1826.77002,13.55
2014-1-7,1837.880005,12.92
2014-1-8,1837.48999,12.87
2014-1-9,1838.130005,12.89
2014-1-10,1842.369995,12.14
2014-1-13,1819.199951,13.28
2014-1-14,1838.880005,12.28
2014-1-15,1848.380005,12.28
2014-1-16,1845.890015,12.53
2014-1-17,1838.699951,12.44
2014-1-21,1843.800049,12.87
2014-1-22,1844.859985,12.84
2014-1-23,1828.459961,13.77
2014-1-24,1790.290039,17.879999
2014-1-27,1781.560059,17.42
2014-1-28,1792.5,15.8
2014-1-29,1774.199951,17.35
2014-1-30,1794.189941,17.290001
2014-1-31,1782.589966,18.41
2014-2-3,1741.890015,21.440001
2014-2-4,1755.199951,19.110001
2014-2-5,1751.640015,19.950001
2014-2-6,1773.430054,17.23
2014-2-7,1797.02002,15.31
2014-2-10,1799.839966,15.26
2014-2-11,1819.75,14.51
2014-2-12,1819.26001,14.3
2014-2-13,1829.829956,14.14
2014-2-14,1838.630005,13.57
2014-2-18,1840.76001,13.87
2014-2-19,1828.75,15.5
2014-2-20,1839.780029,14.79
2014-2-21,1836.25,14.68
2014-2-24,1847.609985,14.23
2014-2-25,1845.119995,13.67
2014-2-26,1845.160034,14.35
2014-2-27,1854.290039,14.04
2014-2-28,1859.449951,14
2014-3-3,1845.72998,16
2014-3-4,1873.910034,14.1
2014-3-5,1873.810059,13.89
2014-3-6,1877.030029,14.21
2014-3-7,1878.040039,14.11
2014-3-10,1877.170044,14.2
2014-3-11,1867.630005,14.8
2014-3-12,1868.199951,14.47
2014-3-13,1846.339966,16.219999
2014-3-14,1841.130005,17.82
2014-3-17,1858.829956,15.64
2014-3-18,1872.25,14.52
2014-3-19,1860.77002,15.12
2014-3-20,1872.01001,14.52
2014-3-21,1866.52002,15
2014-3-24,1857.439941,15.09
2014-3-25,1865.619995,14.02
2014-3-26,1852.560059,14.93
2014-3-27,1849.040039,14.62
2014-3-28,1857.619995,14.41
2014-3-31,1872.339966,13.88
2014-4-1,1885.52002,13.1
2014-4-2,1890.900024,13.09
2014-4-3,1888.77002,13.37
2014-4-4,1865.089966,13.96
2014-4-7,1845.040039,15.57
2014-4-8,1851.959961,14.89
2014-4-9,1872.180054,13.82
2014-4-10,1833.079956,15.89
2014-4-11,1815.689941,17.030001
2014-4-14,1830.609985,16.18
2014-4-15,1842.97998,15.61
2014-4-16,1862.310059,14.18
2014-4-17,1864.849976,13.36
2014-4-21,1871.890015,13.25
2014-4-22,1879.550049,13.19
2014-4-23,1875.390015,13.27
2014-4-24,1878.609985,13.32
2014-4-25,1863.400024,14.06
2014-4-28,1869.430054,13.97
2014-4-29,1878.329956,13.71
2014-4-30,1883.949951,13.41
2014-5-1,1883.680054,13.25
2014-5-2,1881.140015,12.91
2014-5-5,1884.660034,13.29
2014-5-6,1867.719971,13.8
2014-5-7,1878.209961,13.4
2014-5-8,1875.630005,13.43
2014-5-9,1878.47998,12.92
2014-5-12,1896.650024,12.23
2014-5-13,1897.449951,12.13
2014-5-14,1888.530029,12.17
2014-5-15,1870.849976,13.17
2014-5-16,1877.859985,12.44
2014-5-19,1885.079956,12.42
2014-5-20,1872.829956,12.96
2014-5-21,1888.030029,11.91
2014-5-22,1892.48999,12.03
2014-5-23,1900.530029,11.36
2014-5-27,1911.910034,11.51
2014-5-28,1909.780029,11.68
2014-5-29,1920.030029,11.57
2014-5-30,1923.569946,11.4
2014-6-2,1924.969971,11.58
2014-6-3,1924.23999,11.87
2014-6-4,1927.880005,12.08
2014-6-5,1940.459961,11.68
2014-6-6,1949.439941,10.73
2014-6-9,1951.27002,11.15
2014-6-10,1950.790039,10.99
2014-6-11,1943.890015,11.6
2014-6-12,1930.109985,12.56
2014-6-13,1936.160034,12.18
2014-6-16,1937.780029,12.65
2014-6-17,1941.98999,12.06
2014-6-18,1956.97998,10.61
2014-6-19,1959.47998,10.62
2014-6-20,1962.869995,10.85
2014-6-23,1962.609985,10.98
2014-6-24,1949.97998,12.13
2014-6-25,1959.530029,11.59
2014-6-26,1957.219971,11.63
2014-6-27,1960.959961,11.26
2014-6-30,1960.22998,11.57
2014-7-1,1973.319946,11.15
2014-7-2,1974.619995,10.82
2014-7-3,1985.439941,10.32
2014-7-7,1977.650024,11.33
2014-7-8,1963.709961,11.98
2014-7-9,1972.829956,11.65
2014-7-10,1964.680054,12.59
2014-7-11,1967.569946,12.08
2014-7-14,1977.099976,11.82
2014-7-15,1973.280029,11.96
2014-7-16,1981.569946,11
2014-7-17,1958.119995,14.54
2014-7-18,1978.219971,12.06
2014-7-21,1973.630005,12.81
2014-7-22,1983.530029,12.24
2014-7-23,1987.01001,11.52
2014-7-24,1987.97998,11.84
2014-7-25,1978.339966,12.69
2014-7-28,1978.910034,12.56
2014-7-29,1969.949951,13.28
2014-7-30,1970.069946,13.33
2014-7-31,1930.670044,16.950001
2014-8-1,1925.150024,17.030001
2014-8-4,1938.98999,15.12
2014-8-5,1920.209961,16.870001
2014-8-6,1920.23999,16.370001
2014-8-7,1909.569946,16.66
2014-8-8,1931.589966,15.77
2014-8-11,1936.920044,14.23
2014-8-12,1933.75,14.13
2014-8-13,1946.719971,12.9
2014-8-14,1955.180054,12.42
2014-8-15,1955.060059,13.15
2014-8-18,1971.73999,12.32
2014-8-19,1981.599976,12.21
2014-8-20,1986.51001,11.78
2014-8-21,1992.369995,11.76
2014-8-22,1988.400024,11.47
2014-8-25,1997.920044,11.7
2014-8-26,2000.02002,11.63
2014-8-27,2000.119995,11.78
2014-8-28,1996.73999,12.05
2014-8-29,2003.369995,12.09
2014-9-2,2002.280029,12.25
2014-9-3,2000.719971,12.36
2014-9-4,1997.650024,12.64
2014-9-5,2007.709961,12.09
2014-9-8,2001.540039,12.66
2014-9-9,1988.439941,13.5
2014-9-10,1995.689941,12.88
2014-9-11,1997.449951,12.8
2014-9-12,1985.540039,13.31
2014-9-15,1984.130005,14.12
2014-9-16,1998.97998,12.73
2014-9-17,2001.569946,12.65
2014-9-18,2011.359985,12.03
2014-9-19,2010.400024,12.11
2014-9-22,1994.290039,13.69
2014-9-23,1982.77002,14.93
2014-9-24,1998.300049,13.27
2014-9-25,1965.98999,15.64
2014-9-26,1982.849976,14.85
2014-9-29,1977.800049,15.98
2014-9-30,1972.290039,16.309999
2014-10-1,1946.160034,16.709999
2014-10-2,1946.170044,16.16
2014-10-3,1967.900024,14.55
2014-10-6,1964.819946,15.46
2014-10-7,1935.099976,17.200001
2014-10-8,1968.890015,15.11
2014-10-9,1928.209961,18.76
2014-10-10,1906.130005,21.24
2014-10-13,1874.73999,24.639999
2014-10-14,1877.699951,22.790001
2014-10-15,1862.48999,25.27
2014-10-16,1862.76001,25.200001
2014-10-17,1886.76001,21.99
2014-10-20,1904.01001,18.57
2014-10-21,1941.280029,16.08
2014-10-22,1927.109985,17.870001
2014-10-23,1950.819946,16.530001
2014-10-24,1964.579956,16.110001
2014-10-27,1961.630005,16.040001
2014-10-28,1985.050049,14.39
2014-10-29,1982.300049,15.15
2014-10-30,1994.650024,14.52
2014-10-31,2018.050049,14.03
2014-11-3,2017.810059,14.73
2014-11-4,2012.099976,14.89
2014-11-5,2023.569946,14.17
2014-11-6,2031.209961,13.67
2014-11-7,2031.920044,13.12
2014-11-10,2038.26001,12.67
2014-11-11,2039.680054,12.92
2014-11-12,2038.25,13.02
2014-11-13,2039.329956,13.79
2014-11-14,2039.819946,13.31
2014-11-17,2041.319946,13.99
2014-11-18,2051.800049,13.86
2014-11-19,2048.719971,13.96
2014-11-20,2052.75,13.58
2014-11-21,2063.5,12.9
2014-11-24,2069.409912,12.62
2014-11-25,2067.030029,12.25
2014-11-26,2072.830078,12.07
2014-11-28,2067.560059,13.33
2014-12-1,2053.439941,14.16
2014-12-2,2066.550049,12.85
2014-12-3,2074.330078,12.5
2014-12-4,2071.919922,12.38
2014-12-5,2075.370117,11.89
2014-12-8,2060.310059,14.21
2014-12-9,2059.820068,15.35
2014-12-10,2026.140015,18.530001
2014-12-11,2035.329956,20.08
2014-12-12,2002.329956,21.08
2014-12-15,1989.630005,20.42
2014-12-16,1972.73999,23.57
2014-12-17,2012.890015,19.440001
2014-12-18,2061.22998,16.809999
2014-12-19,2070.649902,16.49
2014-12-22,2078.540039,15.25
2014-12-23,2082.169922,14.8
2014-12-24,2081.879883,14.37
2014-12-26,2088.77002,14.5
2014-12-29,2090.570068,15.06
2014-12-30,2080.350098,15.92
2014-12-31,2058.899902,19.200001
2015-1-2,2058.199951,17.790001
2015-1-5,2020.579956,19.92
2015-1-6,2002.609985,21.120001
2015-1-7,2025.900024,19.309999
2015-1-8,2062.139893,17.01
2015-1-9,2044.810059,17.549999
2015-1-12,2028.26001,19.6
2015-1-13,2023.030029,20.559999
2015-1-14,2011.27002,21.48
2015-1-15,1992.670044,22.389999
2015-1-16,2019.420044,20.950001
2015-1-20,2022.550049,19.889999
2015-1-21,2032.119995,18.85
2015-1-22,2063.149902,16.4
2015-1-23,2051.820068,16.66
2015-1-26,2057.090088,15.52
2015-1-27,2029.550049,17.219999
2015-1-28,2002.160034,20.440001
2015-1-29,2021.25,18.76
2015-1-30,1994.98999,20.969999
2015-2-2,2020.849976,19.43
2015-2-3,2050.030029,17.33
2015-2-4,2041.51001,18.33
2015-2-5,2062.52002,16.85
2015-2-6,2055.469971,17.290001
2015-2-9,2046.73999,18.549999
2015-2-10,2068.590088,17.23
2015-2-11,2068.530029,16.959999
2015-2-12,2088.47998,15.34
2015-2-13,2096.98999,14.69
2015-2-17,2100.340088,15.8
2015-2-18,2099.679932,15.45
2015-2-19,2097.449951,15.29
2015-2-20,2110.300049,14.3
2015-2-23,2109.659912,14.56
2015-2-24,2115.47998,13.69
2015-2-25,2113.860107,13.84
2015-2-26,2110.73999,13.91
2015-2-27,2104.5,13.34
2015-3-2,2117.389893,13.04
2015-3-3,2107.780029,13.86
2015-3-4,2098.530029,14.23
2015-3-5,2101.040039,14.04
2015-3-6,2071.26001,15.2
2015-3-9,2079.429932,15.06
2015-3-10,2044.160034,16.690001
2015-3-11,2040.23999,16.870001
2015-3-12,2065.949951,15.42
2015-3-13,2053.399902,16
2015-3-16,2081.189941,15.61
2015-3-17,2074.280029,15.66
2015-3-18,2099.5,13.97
2015-3-19,2089.27002,14.07
2015-3-20,2108.100098,13.02
2015-3-23,2104.419922,13.41
2015-3-24,2091.5,13.62
2015-3-25,2061.050049,15.44
2015-3-26,2056.149902,15.8
2015-3-27,2061.02002,15.07
2015-3-30,2086.23999,14.51
2015-3-31,2067.889893,15.29
2015-4-1,2059.689941,15.11
2015-4-2,2066.959961,14.67
2015-4-6,2080.620117,14.74
2015-4-7,2076.330078,14.78
2015-4-8,2081.899902,13.98
2015-4-9,2091.179932,13.09
2015-4-10,2102.060059,12.58
2015-4-13,2092.429932,13.94
2015-4-14,2095.840088,13.67
2015-4-15,2106.629883,12.84
2015-4-16,2104.98999,12.6
2015-4-17,2081.179932,13.89
2015-4-20,2100.399902,13.3
2015-4-21,2097.290039,13.25
2015-4-22,2107.959961,12.71
2015-4-23,2112.929932,12.48
2015-4-24,2117.689941,12.29
2015-4-27,2108.919922,13.12
2015-4-28,2114.76001,12.41
2015-4-29,2106.850098,13.39
2015-4-30,2085.51001,14.55
2015-5-1,2108.290039,12.7
2015-5-4,2114.48999,12.85
2015-5-5,2089.459961,14.31
2015-5-6,2080.149902,15.15
2015-5-7,2088,15.13
2015-5-8,2116.100098,12.86
2015-5-11,2105.330078,13.85
2015-5-12,2099.120117,13.86
2015-5-13,2098.47998,13.76
2015-5-14,2121.100098,12.74
2015-5-15,2122.72998,12.38
2015-5-18,2129.199951,12.73
2015-5-19,2127.830078,12.85
2015-5-20,2125.850098,12.88
2015-5-21,2130.820068,12.11
2015-5-22,2126.060059,12.13
2015-5-26,2104.199951,14.06
2015-5-27,2123.47998,13.27
2015-5-28,2120.790039,13.31
2015-5-29,2107.389893,13.84
2015-6-1,2111.72998,13.97
2015-6-2,2109.600098,14.24
2015-6-3,2114.070068,13.66
2015-6-4,2095.840088,14.71
2015-6-5,2092.830078,14.21
2015-6-8,2079.280029,15.29
2015-6-9,2080.149902,14.47
2015-6-10,2105.199951,13.22
2015-6-11,2108.860107,12.85
2015-6-12,2094.110107,13.78
2015-6-15,2084.429932,15.39
2015-6-16,2096.290039,14.81
2015-6-17,2100.439941,14.5
2015-6-18,2121.23999,13.19
2015-6-19,2109.98999,13.96
2015-6-22,2122.850098,12.74
2015-6-23,2124.199951,12.11
2015-6-24,2108.580078,13.26
2015-6-25,2102.310059,14.01
2015-6-26,2101.48999,14.02
2015-6-29,2057.639893,18.85
2015-6-30,2063.110107,18.23
2015-7-1,2077.419922,16.09
2015-7-2,2076.780029,16.790001
2015-7-6,2068.76001,17.01
2015-7-7,2081.340088,16.09
2015-7-8,2046.680054,19.66
2015-7-9,2051.310059,19.969999
2015-7-10,2076.620117,16.83
2015-7-13,2099.600098,13.9
2015-7-14,2108.949951,13.37
2015-7-15,2107.399902,13.23
2015-7-16,2124.290039,12.11
2015-7-17,2126.639893,11.95
2015-7-20,2128.280029,12.25
2015-7-21,2119.209961,12.22
2015-7-22,2114.149902,12.12
2015-7-23,2102.149902,12.64
2015-7-24,2079.649902,13.74
2015-7-27,2067.639893,15.6
2015-7-28,2093.25,13.44
2015-7-29,2108.570068,12.5
2015-7-30,2108.629883,12.13
2015-7-31,2103.840088,12.12
2015-8-3,2098.040039,12.56
2015-8-4,2093.320068,13
2015-8-5,2099.840088,12.51
2015-8-6,2083.560059,13.77
2015-8-7,2077.570068,13.39
2015-8-10,2104.179932,12.23
2015-8-11,2084.070068,13.71
2015-8-12,2086.050049,13.61
2015-8-13,2083.389893,13.49
2015-8-14,2091.540039,12.83
2015-8-17,2102.439941,13.02
2015-8-18,2096.919922,13.79
2015-8-19,2079.610107,15.25
2015-8-20,2035.72998,19.139999
2015-8-21,1970.890015,28.030001
2015-8-24,1893.209961,40.740002
2015-8-25,1867.609985,36.02
2015-8-26,1940.51001,30.32
2015-8-27,1987.660034,26.1
2015-8-28,1988.869995,26.049999
2015-8-31,1972.180054,28.43
2015-9-1,1913.849976,31.4
2015-9-2,1948.859985,26.09
2015-9-3,1951.130005,25.610001
2015-9-4,1921.219971,27.799999
2015-9-8,1969.410034,24.9
2015-9-9,1942.040039,26.23
2015-9-10,1952.290039,24.370001
2015-9-11,1961.050049,23.200001
2015-9-14,1953.030029,24.25
2015-9-15,1978.089966,22.540001
2015-9-16,1995.310059,21.35
2015-9-17,1990.199951,21.139999
2015-9-18,1958.030029,22.280001
2015-9-21,1966.969971,20.139999
2015-9-22,1942.73999,22.440001
2015-9-23,1938.76001,22.129999
2015-9-24,1932.23999,23.469999
2015-9-25,1931.339966,23.620001
2015-9-28,1881.77002,27.629999
2015-9-29,1884.089966,26.83
2015-9-30,1920.030029,24.5
2015-10-1,1923.819946,22.549999
2015-10-2,1951.359985,20.940001
2015-10-5,1987.050049,19.540001
2015-10-6,1979.920044,19.4
2015-10-7,1995.829956,18.4
2015-10-8,2013.430054,17.42
2015-10-9,2014.890015,17.08
2015-10-12,2017.459961,16.17
2015-10-13,2003.689941,17.67
2015-10-14,1994.23999,18.030001
2015-10-15,2023.859985,16.049999
2015-10-16,2033.109985,15.05
2015-10-19,2033.660034,14.98
2015-10-20,2030.77002,15.75
2015-10-21,2018.939941,16.700001
2015-10-22,2052.51001,14.45
2015-10-23,2075.149902,14.46
2015-10-26,2071.179932,15.29
2015-10-27,2065.889893,15.43
2015-10-28,2090.350098,14.33
2015-10-29,2089.409912,14.61
2015-10-30,2079.360107,15.07
2015-11-2,2104.050049,14.15
2015-11-3,2109.790039,14.54
2015-11-4,2102.310059,15.51
2015-11-5,2099.929932,15.05
2015-11-6,2099.199951,14.33
2015-11-9,2078.580078,16.52
2015-11-10,2081.719971,15.29
2015-11-11,2075,16.059999
2015-11-12,2045.969971,18.370001
2015-11-13,2023.040039,20.08
2015-11-16,2053.189941,18.16
2015-11-17,2050.439941,18.84
2015-11-18,2083.580078,16.85
2015-11-19,2081.23999,16.99
2015-11-20,2089.169922,15.47
2015-11-23,2086.590088,15.62
2015-11-24,2089.139893,15.93
2015-11-25,2088.870117,15.19
2015-11-27,2090.110107,15.12
2015-11-30,2080.409912,16.129999
2015-12-1,2102.629883,14.67
2015-12-2,2079.51001,15.91
2015-12-3,2049.620117,18.110001
2015-12-4,2091.689941,14.81
2015-12-7,2077.070068,15.84
2015-12-8,2063.590088,17.6
2015-12-9,2047.619995,19.610001
2015-12-10,2052.22998,19.34
2015-12-11,2012.369995,24.389999
2015-12-14,2021.939941,22.73
2015-12-15,2043.410034,20.950001
2015-12-16,2073.070068,17.860001
2015-12-17,2041.890015,18.940001
2015-12-18,2005.550049,20.700001
2015-12-21,2021.150024,18.700001
2015-12-22,2038.969971,16.6
2015-12-23,2064.290039,15.57
2015-12-24,2060.98999,15.74
2015-12-28,2056.5,16.91
2015-12-29,2078.360107,16.08
2015-12-30,2063.360107,17.290001
2015-12-31,2043.939941,18.209999
2016-1-4,2012.660034,20.700001
2016-1-5,2016.709961,19.34
2016-1-6,1990.26001,20.59
2016-1-7,1943.089966,24.99
2016-1-8,1922.030029,27.01
2016-1-11,1923.670044,24.299999
2016-1-12,1938.680054,22.469999
2016-1-13,1890.280029,25.219999
2016-1-14,1921.839966,23.950001
2016-1-15,1880.329956,27.02
2016-1-19,1881.329956,26.049999
2016-1-20,1859.329956,27.59
2016-1-21,1868.98999,26.690001
2016-1-22,1906.900024,22.34
2016-1-25,1877.079956,24.15
2016-1-26,1903.630005,22.5
2016-1-27,1882.949951,23.110001
2016-1-28,1893.359985,22.42
2016-1-29,1940.23999,20.200001
2016-2-1,1939.380005,19.98
2016-2-2,1903.030029,21.98
2016-2-3,1912.530029,21.65
2016-2-4,1915.449951,21.84
2016-2-5,1880.050049,23.379999
2016-2-8,1853.439941,26
2016-2-9,1852.209961,26.540001
2016-2-10,1851.859985,26.290001
2016-2-11,1829.079956,28.139999
2016-2-12,1864.780029,25.4
2016-2-16,1895.579956,24.110001
2016-2-17,1926.819946,22.309999
2016-2-18,1917.829956,21.639999
2016-2-19,1917.780029,20.530001
2016-2-22,1945.5,19.379999
2016-2-23,1921.27002,20.98
2016-2-24,1929.800049,20.719999
2016-2-25,1951.699951,19.110001
2016-2-26,1948.050049,19.809999
2016-2-29,1932.22998,20.549999
2016-3-1,1978.349976,17.700001
2016-3-2,1986.449951,17.09
2016-3-3,1993.400024,16.700001
2016-3-4,1999.98999,16.860001
2016-3-7,2001.76001,17.35
2016-3-8,1979.26001,18.67
2016-3-9,1989.26001,18.34
2016-3-10,1989.569946,18.049999
2016-3-11,2022.189941,16.5
2016-3-14,2019.640015,16.92
2016-3-15,2015.930054,16.84
2016-3-16,2027.219971,14.99
2016-3-17,2040.589966,14.44
2016-3-18,2049.580078,14.02
2016-3-21,2051.600098,13.79
2016-3-22,2049.800049,14.17
2016-3-23,2036.709961,14.94
2016-3-24,2035.939941,14.74
2016-3-28,2037.050049,15.24
2016-3-29,2055.01001,13.82
2016-3-30,2063.949951,13.56
2016-3-31,2059.73999,13.95
2016-4-1,2072.780029,13.1
2016-4-4,2066.129883,14.12
2016-4-5,2045.170044,15.42
2016-4-6,2066.659912,14.09
2016-4-7,2041.910034,16.16
2016-4-8,2047.599976,15.36
2016-4-11,2041.98999,16.26
2016-4-12,2061.719971,14.85
2016-4-13,2082.419922,13.84
2016-4-14,2082.780029,13.72
2016-4-15,2080.72998,13.62
2016-4-18,2094.340088,13.35
2016-4-19,2100.800049,13.24
2016-4-20,2102.399902,13.28
2016-4-21,2091.47998,13.95
2016-4-22,2091.580078,13.22
2016-4-25,2087.790039,14.08
2016-4-26,2091.699951,13.96
2016-4-27,2095.149902,13.77
2016-4-28,2075.810059,15.22
2016-4-29,2065.300049,15.7
2016-5-2,2081.429932,14.68
2016-5-3,2063.370117,15.6
2016-5-4,2051.120117,16.049999
2016-5-5,2050.629883,15.91
2016-5-6,2057.139893,14.72
2016-5-9,2058.689941,14.57
2016-5-10,2084.389893,13.63
2016-5-11,2064.459961,14.69
2016-5-12,2064.110107,14.41
2016-5-13,2046.609985,15.04
2016-5-16,2066.659912,14.68
2016-5-17,2047.209961,15.57
2016-5-18,2047.630005,15.95
2016-5-19,2040.040039,16.33
2016-5-20,2052.320068,15.2
2016-5-23,2048.040039,15.82
2016-5-24,2076.060059,14.42
2016-5-25,2090.540039,13.9
2016-5-26,2090.100098,13.43
2016-5-27,2099.060059,13.12
2016-5-31,2096.949951,14.19
2016-6-1,2099.330078,14.2
2016-6-2,2105.26001,13.63
2016-6-3,2099.129883,13.47
2016-6-6,2109.409912,13.65
2016-6-7,2112.129883,14.05
2016-6-8,2119.120117,14.08
2016-6-9,2115.47998,14.64
2016-6-10,2096.070068,17.030001
2016-6-13,2079.060059,20.969999
2016-6-14,2075.320068,20.5
2016-6-15,2071.5,20.139999
2016-6-16,2077.98999,19.370001
2016-6-17,2071.219971,19.41
2016-6-20,2083.25,18.370001
2016-6-21,2088.899902,18.48
2016-6-22,2085.449951,21.17
2016-6-23,2113.320068,17.25
2016-6-24,2037.410034,25.76
2016-6-27,2000.540039,23.85
2016-6-28,2036.089966,18.75
2016-6-29,2070.77002,16.639999
2016-6-30,2098.860107,15.63
2016-7-1,2102.949951,14.77
2016-7-5,2088.550049,15.58
2016-7-6,2099.72998,14.96
2016-7-7,2097.899902,14.76
2016-7-8,2129.899902,13.2
2016-7-11,2137.159912,13.54
2016-7-12,2152.139893,13.55
2016-7-13,2152.429932,13.04
2016-7-14,2163.75,12.82
2016-7-15,2161.73999,12.67
2016-7-18,2166.889893,12.44
2016-7-19,2163.780029,11.97
2016-7-20,2173.02002,11.77
2016-7-21,2165.169922,12.74
2016-7-22,2175.030029,12.02
2016-7-25,2168.47998,12.87
2016-7-26,2169.179932,13.05
2016-7-27,2166.580078,12.83
2016-7-28,2170.060059,12.72
2016-7-29,2173.600098,11.87
2016-8-1,2170.840088,12.44
2016-8-2,2157.030029,13.37
2016-8-3,2163.790039,12.86
2016-8-4,2164.25,12.42
2016-8-5,2182.870117,11.39
2016-8-8,2180.889893,11.5
2016-8-9,2181.73999,11.66
2016-8-10,2175.48999,12.05
2016-8-11,2185.790039,11.68
2016-8-12,2184.050049,11.55
2016-8-15,2190.149902,11.81
2016-8-16,2178.149902,12.64
2016-8-17,2182.219971,12.19
2016-8-18,2187.02002,11.43
2016-8-19,2183.870117,11.34
2016-8-22,2182.639893,12.27
2016-8-23,2186.899902,12.38
2016-8-24,2175.439941,13.45
2016-8-25,2172.469971,13.63
2016-8-26,2169.040039,13.65
2016-8-29,2180.379883,12.94
2016-8-30,2176.120117,13.12
2016-8-31,2170.949951,13.42
2016-9-1,2170.860107,13.48
2016-9-2,2179.97998,11.98
2016-9-6,2186.47998,12.02
2016-9-7,2186.159912,11.94
2016-9-8,2181.300049,12.51
2016-9-9,2127.810059,17.5
2016-9-12,2159.040039,15.16
2016-9-13,2127.02002,17.85
2016-9-14,2125.77002,18.139999
2016-9-15,2147.26001,16.299999
2016-9-16,2139.159912,15.37
2016-9-19,2139.120117,15.53
2016-9-20,2139.76001,15.92
2016-9-21,2163.120117,13.3
2016-9-22,2177.179932,12.02
2016-9-23,2164.689941,12.29
2016-9-26,2146.100098,14.5
2016-9-27,2159.929932,13.1
2016-9-28,2171.370117,12.39
2016-9-29,2151.129883,14.02
2016-9-30,2168.27002,13.29
2016-10-3,2161.199951,13.57
2016-10-4,2150.48999,13.63
2016-10-5,2159.72998,12.99
2016-10-6,2160.77002,12.84
2016-10-7,2153.73999,13.48
2016-10-10,2163.659912,13.38
2016-10-11,2136.72998,15.36
2016-10-12,2139.179932,15.91
2016-10-13,2132.550049,16.690001
2016-10-14,2132.97998,16.120001
2016-10-17,2126.5,16.209999
2016-10-18,2139.600098,15.28
2016-10-19,2144.290039,14.41
2016-10-20,2141.340088,13.75
2016-10-21,2141.159912,13.34
2016-10-24,2151.330078,13.02
2016-10-25,2143.159912,13.46
2016-10-26,2139.429932,14.24
2016-10-27,2133.040039,15.36
2016-10-28,2126.409912,16.190001
2016-10-31,2126.149902,17.059999
2016-11-1,2111.719971,18.559999
2016-11-2,2097.939941,19.32
2016-11-3,2088.659912,22.08
2016-11-4,2085.179932,22.51
2016-11-7,2131.52002,18.709999
2016-11-8,2139.560059,18.74
2016-11-9,2163.26001,14.38
2016-11-10,2167.47998,14.74
2016-11-11,2164.449951,14.17
2016-11-14,2164.199951,14.48
2016-11-15,2180.389893,13.37
2016-11-16,2176.939941,13.72
2016-11-17,2187.120117,13.35
2016-11-18,2181.899902,12.85
2016-11-21,2198.179932,12.42
2016-11-22,2202.939941,12.41
2016-11-23,2204.719971,12.43
2016-11-25,2213.350098,12.34
2016-11-28,2201.719971,13.15
2016-11-29,2204.659912,12.9
2016-11-30,2198.810059,13.33
2016-12-1,2191.080078,14.07
